post_id,threads_root_id,threads_reply_id,link,title,meme_text,image,affiliate_link,threads_error,permalink,content_stats,created_time,views,likes,replies,reposts,quotes,shares,media_type,media_url,username,topic_tag,hour_of_day,day_of_week,content_length,hashtag_count,hashtags,prompt_text,essence_text,collected_at,content_upload
18063179621212195,18063179621212195,18105071908645348,https://zigcou.com/post/partner/692c0d10c93e2049d4017da7,"여기저기서 ""콜록콜록""…감기약, '이것' 알고 복용하세요","감기약 선택할 때, 이거 꼭 알아야 해! 😷💊

겨울철 감기가 기승을 부리면서, 적절한 감기약 선택이 중요하다고 해. 감기는 수백 가지 바이러스에 의해 발생하는데, 주로 리노바이러스가 원인이라고 하니 주의가 필요해. 

콜록콜록 기침, 콧물, 인후통 등 증상에 따라 아세트아미노펜 같은 해열진통제를 선택하고, 코막힘이 심할 땐 슈도에페드린이 효과적이래. 하지만, 복합제 형태의 약은 부작용을 유발할 수 있으니 성분을 잘 살펴보고 선택해야 해.

최근에는 증상별로 특화된 감기약도 출시되고 있으니, 자신에게 맞는 약을 찾아보는 게 중요해!

여러분은 감기약 고를 때 어떤 점을 가장 중요하게 생각해? 🤔

#감기약 #겨울철건강 #건강정보 #감기증상 #약물정보",https://cdn.zigcou.com/uploads/20251130/8303b05d3e9b97d3fa83d2bd316f25802e1ad7da63f1474007200fae32479f4c.jpeg,https://threds.kr/s/MYC4sA,,https://www.threads.com/@ye__bin04/post/DRrVy8NEYje,"감기약 선택할 때, 이거 꼭 알아야 해! 😷💊

겨울철 감기가 기승을 부리면서, 적절한 감기약 선택이 중요하다고 해. 감기는 수백 가지 바이러스에 의해 발생하는데, 주로 리노바이러스가 원인이라고 하니 주의가 필요해. 

콜록콜록 기침, 콧물, 인후통 등 증상에 따라 아세트아미노펜 같은 해열진통제를 선택하고, 코막힘이 심할 땐 슈도에페드린이 효과적이래. 하지만, 복합제 형태의 약은 부작용을 유발할 수 있으니 성분을 잘 살펴보고 선택해야 해.

최근에는 증상별로 특화된 감기약도 출시되고 있으니, 자신에게 맞는 약을 찾아보는 게 중요해!

여러분은 감기약 고를 때 어떤 점을 가장 중요하게 생각해? 🤔

감기약 #겨울철건강 #건강정보 #감기증상 #약물정보",2025-11-30T10:26:16+0000,0,0,1,0,0,0,IMAGE,https://scontent-fra3-1.cdninstagram.com/v/t51.82787-15/591143869_17910213165268953_1855199317733688920_n.jpg?stp=dst-jpg_e35_tt6&_nc_cat=105&ccb=7-5&_nc_sid=18de74&efg=eyJlZmdfdGFnIjoiRkVFRC5iZXN0X2ltYWdlX3VybGdlbi5DMyJ9&_nc_ohc=vWX5pWD8-BoQ7kNvwF4TTOF&_nc_oc=AdnWCXbz1umvNB8ztWa_MLufNCTLvTVV5mpmAtaWd-45oZnc1xj8-mH0XCO33qIBlAU&_nc_zt=23&_nc_ht=scontent-fra3-1.cdninstagram.com&edm=ACx9VUEEAAAA&_nc_gid=q_zTdD8Ydk7MDUrfLWvwDA&oh=00_AfhpPZ97OXrWjKizbSPFtqYV7e7ZHo9o7EaWG0biUprhyg&oe=6931D9D0,ye__bin04,감기약,10,6,366,4,#겨울철건강 #건강정보 #감기증상 #약물정보,,,2025-11-30 10:23:22.219735,"사진 = 뉴시스
겨울 날씨가 추워지면서 감기가 기승을 부리고 있다. 감기 증상 초기에 적절한 조치를 취하지 않으면 회복이 더딜 수 있기에 증상별로 알맞는 성분의 감기약을 복용하는 게 중요하다.
뉴시스 보도에 따르면, 30일 JW중외제약 홈페이지에 따르면 감기는 수백 가지 이상의 바이러스에 의해 발생하는 급성 호흡기 질환이다. 가장 흔한 원인은 리노바이러스다. 이 외에도 코로나바이러스, 아데노바이러스 등이 감기를 유발할 수 있다.
감기 바이러스는 주로 공기 중 비말(침, 콧물 등 타액)을 통해 전염되며, 손을 통한 접촉 감염도 흔하다. 면역력이 떨어질수록 감염 위험이 높아지기 때문에, 추울 때뿐만이 아니라 과로하거나 수면 부족한 시기에도 감기에 걸리는 경우가 많다.
감기의 대표적인 증상으로는 콧물, 코막힘, 기침, 인후통, 미열 등이 있다. 대부분은 며칠 내 자연적으로 호전되지만, 증상이 심하거나 고열이 동반될 경우엔 각 증상에 맞는 치료제를 복용하는 것이 도움된다.
감기약은 단일 성분으로 구성되지 않고, 다양한 증상을 동시에 완화할 수 있도록 여러 약물이 혼합된 복합제 형태로 사용되는 경우가 많다.
제약업계 관계자는 ""감기약을 고를 때 어떤 증상이 가장 불편한가에 따라 약의 조합을 판단하는 것이 중요하다""며 ""필요 이상으로 많은 성분이 들어간 제품은 오히려 부작용을 유발할 수 있기 때문에 자신에게 맞는 성분 구성을 꼼꼼히 살피고 선택해야 한다""고 말했다.
감기에 사용되는 대표적인 해열진통제는 '아세트아미노펜'이다. 고열이나 몸살로 인한 통증, 두통을 완화하는 데 효과적이다. 아세트아미노펜은 위장에 부담이 적고 비교적 안전하게 사용할 수 있어 대부분의 감기약에서 기본 성분으로 포함돼 있다.
'슈도에페드린'은 비강 점막의 혈관을 수축시켜 코막힘을 빠르게 개선해 준다. 콧물과 코막힘으로 인해 재채기나 눈물이 심하게 나오는 경우에는 항히스타민제인 '클로르페니라민'을 사용한다. 다만 이런 항히스타민제의 경우, 졸음이나 입 마름 등의 부작용이 있을 수 있어 복용 전 의료 전문가와의 상담이 필수다.
기침이 심할 때는 기침 반사를 억제하는 '덱스트로메토르판'이 흔히 사용된다. 이는 중추 신경계에 작용해 기침 빈도를 줄여주며, 소아나 고령자에게도 비교적 안전하게 사용할 수 있다.
가래가 심할 경우에는 '구아이페네신' 같은 거담제를 함께 사용하면 도움이 된다. 이 성분은 기관지 내 점액을 묽게 만들어 가래를 배출하기 쉽게 만들어 주는 역할을 한다.
업계 관계자는 ""최근에는 감기의 증상별로 특화된 제품이 출시되고 있다""며 ""코감기 전용 제품에는 항히스타민제와 슈도에페드린의 함량이 높고, 목감기 전용에는 진통제와 항염 성분이 강화되는 식""이라고 말했다."
18058339700288853,18058339700288853,18067425464606314,https://zigcou.com/post/partner/692bf46ec93e2049d4017d4d,"병원 청소부 4남매 엄마 ""밤에 성인방송 촬영, 하루 300만원""","“하루에 300만원 벌 수 있는 직업, 그런데 그 실체는?”

한 병원에서 일하는 청소부가 성인 방송을 통해 놀라운 수익을 올리고 있다는 사실에 많은 이들이 충격을 받았다. 4남매의 엄마인 그녀는 “밤에 성인방송을 촬영해 하루에 300만원을 벌었다”라고 밝혔다.

이 소식은 온라인에서 뜨거운 반응을 일으키며, 사람들은 그녀의 선택에 대한 다양한 의견을 쏟아내고 있다. 특히 아이를 키우며 힘든 상황에서의 경제적 선택에 대해 공감하는 이들도 많다.

이런 상황, 여러분은 어떻게 생각함? 이게 과연 정당한 방법일까?

#사회이슈 #성인방송 #경제적선택 #청소부이야기 #오늘이슈",https://cdn.zigcou.com/uploads/20251130/a1df59f716c1817f08a30cfd9cb24e0b5e16539cc35cc1e7582b01aabf691261.jpeg,https://threds.kr/s/KUjff3,,https://www.threads.com/@ye__bin04/post/DRrV1mKEbz0,"“하루에 300만원 벌 수 있는 직업, 그런데 그 실체는?”

한 병원에서 일하는 청소부가 성인 방송을 통해 놀라운 수익을 올리고 있다는 사실에 많은 이들이 충격을 받았다. 4남매의 엄마인 그녀는 “밤에 성인방송을 촬영해 하루에 300만원을 벌었다”라고 밝혔다.

이 소식은 온라인에서 뜨거운 반응을 일으키며, 사람들은 그녀의 선택에 대한 다양한 의견을 쏟아내고 있다. 특히 아이를 키우며 힘든 상황에서의 경제적 선택에 대해 공감하는 이들도 많다.

이런 상황, 여러분은 어떻게 생각함? 이게 과연 정당한 방법일까?

사회이슈 #성인방송 #경제적선택 #청소부이야기 #오늘이슈",2025-11-30T10:26:38+0000,0,0,1,0,0,0,IMAGE,https://scontent-fra3-1.cdninstagram.com/v/t51.82787-15/588241265_17910213276268953_740041740145228290_n.jpg?stp=dst-jpg_e35_tt6&_nc_cat=103&ccb=7-5&_nc_sid=18de74&efg=eyJlZmdfdGFnIjoiRkVFRC5iZXN0X2ltYWdlX3VybGdlbi5DMyJ9&_nc_ohc=523Tj-I0Z7AQ7kNvwHtdGzs&_nc_oc=AdlJnlme_heq_IksSPFxbVxeZ8GA0QJVIQHGBq6b4z1xJr6zCIO2JyU8_-5RMxYpOwM&_nc_zt=23&_nc_ht=scontent-fra3-1.cdninstagram.com&edm=ACx9VUEEAAAA&_nc_gid=q_zTdD8Ydk7MDUrfLWvwDA&oh=00_Afgl8zROlzaSszpDfxjPio6XpnXFkFf8beUUvO7tq6ecCg&oe=6931DF77,ye__bin04,사회이슈,10,6,321,4,#성인방송 #경제적선택 #청소부이야기 #오늘이슈,,,2025-11-30 10:23:22.796251,https://n.news.naver.com/article/421/0008619647?sid=104
17989281497906923,17989281497906923,17849553648602264,https://zigcou.com/post/partner/692bed7bc93e2049d4017d2e,2025 중앙일보 대학순위 + 실제 입결 순위,"2025년 중앙일보 대학순위 발표, 여러분은 어떤 대학이 상위권인지 궁금하셨죠? 

입결 순위와 실제 순위가 어떻게 다를지 흥미롭습니다. 과연 어떤 대학이 진정으로 '명문'인지 이 순위를 통해 알아볼 수 있을까요? 

각 대학의 입결과 순위는 학생들에게 큰 영향을 미치니까요. 많은 누리꾼들이 ""원하는 대학에 가기 위해 무엇을 준비해야 할까?""라며 고민하는 모습이 보이네요. 

대학 선택, 여러분은 어떻게 생각하시나요? 실제로 이 순위에 따라 결정할 것인가요?

#대학순위 #입결 #교육이슈 #2025대학순위 #학생고민",https://cdn.zigcou.com/uploads/20251130/099867549c4cffa4a3b0ac1bc4428122fbe8850692f1bd78131e7c4e80254c9c.jpeg,https://threds.kr/s/NrV1rr,,https://www.threads.com/@ye__bin04/post/DRrV4L9ETYp,"2025년 중앙일보 대학순위 발표, 여러분은 어떤 대학이 상위권인지 궁금하셨죠? 

입결 순위와 실제 순위가 어떻게 다를지 흥미롭습니다. 과연 어떤 대학이 진정으로 '명문'인지 이 순위를 통해 알아볼 수 있을까요? 

각 대학의 입결과 순위는 학생들에게 큰 영향을 미치니까요. 많은 누리꾼들이 ""원하는 대학에 가기 위해 무엇을 준비해야 할까?""라며 고민하는 모습이 보이네요. 

대학 선택, 여러분은 어떻게 생각하시나요? 실제로 이 순위에 따라 결정할 것인가요?

대학순위 #입결 #교육이슈 #2025대학순위 #학생고민",2025-11-30T10:26:59+0000,0,0,1,0,0,0,IMAGE,https://scontent-fra3-2.cdninstagram.com/v/t51.82787-15/589794867_17910213306268953_7136647290979462122_n.jpg?stp=dst-jpg_e35_tt6&_nc_cat=104&ccb=7-5&_nc_sid=18de74&efg=eyJlZmdfdGFnIjoiRkVFRC5iZXN0X2ltYWdlX3VybGdlbi5DMyJ9&_nc_ohc=-cOybXEq2OwQ7kNvwELpdW7&_nc_oc=AdmghuNvmtgmUIhlHgoXk_e0jmJxfNSN5vJmT4Gx-xmy14fuTvmHVFzAjb3VvdoZzlo&_nc_zt=23&_nc_ht=scontent-fra3-2.cdninstagram.com&edm=ACx9VUEEAAAA&_nc_gid=q_zTdD8Ydk7MDUrfLWvwDA&oh=00_AfhudFxS75v1VsHAo7QP4H9W70g59ubCiHuaJXzTvm6Jww&oe=6931FE16,ye__bin04,대학순위,10,6,290,4,#입결 #교육이슈 #2025대학순위 #학생고민,,,2025-11-30 10:23:23.314784,
17889551283385681,17889551283385681,17906464539289556,https://zigcou.com/post/partner/692be02ec93e2049d4017d02,이서진이 딸뻘 신인 아이돌과 친한 이유,"이서진이 딸뻘 신인 아이돌과 친한 이유, 알고 계셨나요? 충격적이게도, 그 사연은 팬들과의 끈끈한 유대 때문이라는데요. 

최근 이서진이 특정 아이돌과의 친분을 공개하며 화제가 되었습니다. 이서진은 “우리는 서로를 응원하는 사이예요”라고 밝혔죠. 

팬들은 “세대 차이를 넘어선 우정 대박!”이라며 응원의 메시지를 보내고 있습니다. 과연 이 두 사람의 관계가 어떤 모습으로 발전할지 기대가 되네요.

여러분은 이들의 우정을 어떻게 보나요? 나도 이런 관계를 원해! 

#연예이슈 #아이돌친구 #우정 #이서진 #팬문화",https://cdn.zigcou.com/uploads/20251130/f49b48c811c5abd3e27f1fa25d81db9d0774706a6c4748956d5b46e4301284c5.jpeg,https://threds.kr/s/lRP4zL,,https://www.threads.com/@ye__bin04/post/DRrV7BjEf5A,"이서진이 딸뻘 신인 아이돌과 친한 이유, 알고 계셨나요? 충격적이게도, 그 사연은 팬들과의 끈끈한 유대 때문이라는데요. 

최근 이서진이 특정 아이돌과의 친분을 공개하며 화제가 되었습니다. 이서진은 “우리는 서로를 응원하는 사이예요”라고 밝혔죠. 

팬들은 “세대 차이를 넘어선 우정 대박!”이라며 응원의 메시지를 보내고 있습니다. 과연 이 두 사람의 관계가 어떤 모습으로 발전할지 기대가 되네요.

여러분은 이들의 우정을 어떻게 보나요? 나도 이런 관계를 원해! 

연예이슈 #아이돌친구 #우정 #이서진 #팬문화",2025-11-30T10:27:22+0000,0,0,1,0,0,0,IMAGE,https://scontent-fra5-1.cdninstagram.com/v/t51.82787-15/589629890_17910213339268953_7444065097126073575_n.jpg?stp=dst-jpg_e35_tt6&_nc_cat=110&ccb=7-5&_nc_sid=18de74&efg=eyJlZmdfdGFnIjoiRkVFRC5iZXN0X2ltYWdlX3VybGdlbi5DMyJ9&_nc_ohc=v7Mf7ciFY0EQ7kNvwEN5I3V&_nc_oc=Adnr8nVnHHHkwKgvPTS2Zd7qIcwrLBVBjrfhJ77v2KDxQLGtpr-E_8Q-LRxTok1Tp8c&_nc_zt=23&_nc_ht=scontent-fra5-1.cdninstagram.com&edm=ACx9VUEEAAAA&_nc_gid=q_zTdD8Ydk7MDUrfLWvwDA&oh=00_AfiaKrPXHyhceI92IciB3j_ihZ4PNxCWq5el47B4oOVbFg&oe=693202BF,ye__bin04,연예이슈,10,6,287,4,#아이돌친구 #우정 #이서진 #팬문화,,,2025-11-30 10:23:23.838170,
18440160601097378,18440160601097378,18014178890798864,https://zigcou.com/post/partner/692be00ac93e2049d4017d00,남자들과 찍은 아내 사진에 분노한 추신수 ㄷㄷㄷ,"아내와 찍은 사진에 분노한 추신수, 무슨 일이 있었던 걸까? 😳

최근 한 남자들과 찍은 아내의 사진이 논란을 일으키고 있다. SNS에 올라온 이 사진에서 아내는 남자들과 환하게 웃고 있는 모습이었다.

추신수는 이 상황에 큰 불만을 표출하며 “이건 선 넘은 거 아님?”이라고 반응했다. 누리꾼들 사이에서는 “이 정도면 이해할 수 있다”는 의견과 “너무 과하다”는 의견이 갈리고 있다.

이런 상황이 왜 문제인지, 정말 스포츠 스타가 이런 일로 화를 내는 게 적절한 걸까? 여러분은 어떻게 생각하시는지 궁금하다! 

#추신수 #SNS논란 #연예이슈 #사람들이야기하는것들 #부부사이",https://cdn.zigcou.com/uploads/20251130/ca44221544f233ced66a44967a09ea15aa02a51978b683066c90ab1136b75905.jpeg,https://threds.kr/s/BCrsmb,,https://www.threads.com/@ye__bin04/post/DRrV9bfEXdb,"아내와 찍은 사진에 분노한 추신수, 무슨 일이 있었던 걸까? 😳

최근 한 남자들과 찍은 아내의 사진이 논란을 일으키고 있다. SNS에 올라온 이 사진에서 아내는 남자들과 환하게 웃고 있는 모습이었다.

추신수는 이 상황에 큰 불만을 표출하며 “이건 선 넘은 거 아님?”이라고 반응했다. 누리꾼들 사이에서는 “이 정도면 이해할 수 있다”는 의견과 “너무 과하다”는 의견이 갈리고 있다.

이런 상황이 왜 문제인지, 정말 스포츠 스타가 이런 일로 화를 내는 게 적절한 걸까? 여러분은 어떻게 생각하시는지 궁금하다! 

추신수 #SNS논란 #연예이슈 #사람들이야기하는것들 #부부사이",2025-11-30T10:27:41+0000,0,0,1,0,0,0,IMAGE,https://scontent-fra3-1.cdninstagram.com/v/t51.82787-15/588202828_17910213366268953_4629632314998989825_n.jpg?stp=dst-jpg_e35_tt6&_nc_cat=105&ccb=7-5&_nc_sid=18de74&efg=eyJlZmdfdGFnIjoiRkVFRC5iZXN0X2ltYWdlX3VybGdlbi5DMyJ9&_nc_ohc=4OUYClGXPA8Q7kNvwF6-rXf&_nc_oc=AdkjBEs7hA-n6a--92W6dAvVLVQLk92d0EXOk_8hKW4fBYZTcckJjvXncSGZZzh-4QU&_nc_zt=23&_nc_ht=scontent-fra3-1.cdninstagram.com&edm=ACx9VUEEAAAA&_nc_gid=q_zTdD8Ydk7MDUrfLWvwDA&oh=00_AfjTfhzZBT-dtYg2lvc_2wh8LfBWWnRw8-pA4DPLIR1RTA&oe=6931EBA4,ye__bin04,추신수,10,6,323,4,#SNS논란 #연예이슈 #사람들이야기하는것들 #부부사이,,,2025-11-30 10:23:24.493972,
18047484335455231,18047484335455231,18368129902084577,https://zigcou.com/post/partner/692bdfe8c93e2049d4017cfe,이동국 딸 피지컬 근황,"이동국의 쌍둥이 딸, 이재아가 프로골퍼로 전향했다는 사실, 알고 있었어? 😲

전 축구선수 이동국의 딸이 골프 세계에 도전한다고 하니, 많은 이들이 놀라움을 금치 못하고 있어. 

그녀는 운동 신경이 뛰어난 것으로 유명했는데, 이제는 골프채를 들고 새로운 길을 걸어가려 한다고 해. 

이런 변화가 과연 어떤 결과를 낳을지, 팬들은 기대와 걱정이 교차하는 반응을 보이고 있어. 

여러분은 그녀의 프로 전향에 대해 어떻게 생각해? 

#골프뉴스 #이동국딸 #프로골퍼 #스포츠이슈 #이재아",https://cdn.zigcou.com/uploads/20251130/24811083cb4c1b0531e5a176c990bc45e6a214f10c57dc190b7f4e7e3d356a2b.jpeg,https://threds.kr/s/2hKgki,,https://www.threads.com/@ye__bin04/post/DRrV_tKkfJg,"이동국의 쌍둥이 딸, 이재아가 프로골퍼로 전향했다는 사실, 알고 있었어? 😲

전 축구선수 이동국의 딸이 골프 세계에 도전한다고 하니, 많은 이들이 놀라움을 금치 못하고 있어. 

그녀는 운동 신경이 뛰어난 것으로 유명했는데, 이제는 골프채를 들고 새로운 길을 걸어가려 한다고 해. 

이런 변화가 과연 어떤 결과를 낳을지, 팬들은 기대와 걱정이 교차하는 반응을 보이고 있어. 

여러분은 그녀의 프로 전향에 대해 어떻게 생각해? 

골프뉴스 #이동국딸 #프로골퍼 #스포츠이슈 #이재아",2025-11-30T10:28:00+0000,0,0,1,0,0,0,IMAGE,https://scontent-fra5-2.cdninstagram.com/v/t51.82787-15/590415157_17910213399268953_2137583251860453336_n.jpg?stp=dst-jpg_e35_tt6&_nc_cat=106&ccb=7-5&_nc_sid=18de74&efg=eyJlZmdfdGFnIjoiRkVFRC5iZXN0X2ltYWdlX3VybGdlbi5DMyJ9&_nc_ohc=SwtBJdC5l40Q7kNvwHDJMBv&_nc_oc=AdmoiI-0-xhL0wkgFalprsWsgdove5JQ0agdxH6PWR0_0dOj4MmrTRH2Z-_vDUwZLgI&_nc_zt=23&_nc_ht=scontent-fra5-2.cdninstagram.com&edm=ACx9VUEEAAAA&_nc_gid=q_zTdD8Ydk7MDUrfLWvwDA&oh=00_Afg1kvBMnhPGQ0WDL9-mBa5KxsojNTU_8dimO2NBlSfz5A&oe=69320A27,ye__bin04,골프뉴스,10,6,271,4,#이동국딸 #프로골퍼 #스포츠이슈 #이재아,,,2025-11-30 10:23:24.784889,"‌
이동국 쌍둥이 딸 중에 1명인 이재아 라는데...프로골퍼로 전향 했다더군요"
18101898181664185,18101898181664185,18096322261837023,https://zigcou.com/post/partner/692bdfc8c93e2049d4017cfc,30대 중반 넘으면 연애하기 힘든 이유,"30대 중반이 넘어가면 연애하기가 왜 이렇게 힘들까? 이 나이에 연애를 시작하고자 하는 사람들의 고충이 정말 심각하다. 

주변 친구들은 다들 결혼을 하거나 안정된 직장에 다니기 바쁘고, 연애는 점점 더 먼 이야기처럼 느껴지기 마련이다. 

“내가 잘 못하는 건가?”라는 자책감도 늘 따라오기 마련이야. 나만 이런 고민을 하는 건지 의문이 드는 순간도 많더라. 

이런 상황에 대해 많은 사람들이 공감하는 만큼 온라인에서도 다양한 반응을 보이고 있어. 이걸 해결할 방법이 있을까? 

여러분은 30대 중반이 넘으면 연애에 대해 어떻게 생각해? 여러분이라면 어떤 방식으로 이 문제를 극복할 것 같음? 

#연애고민 #30대연애 #사랑의문제 #오늘이슈 #인생고민",https://cdn.zigcou.com/uploads/20251130/8bd68e221457a2165c86e8248d1047a362139c5dcc1fbd7d0dd5e887d31a0128.png,https://threds.kr/s/MbRbEF,,https://www.threads.com/@ye__bin04/post/DRrWCEikb3_,"30대 중반이 넘어가면 연애하기가 왜 이렇게 힘들까? 이 나이에 연애를 시작하고자 하는 사람들의 고충이 정말 심각하다. 

주변 친구들은 다들 결혼을 하거나 안정된 직장에 다니기 바쁘고, 연애는 점점 더 먼 이야기처럼 느껴지기 마련이다. 

“내가 잘 못하는 건가?”라는 자책감도 늘 따라오기 마련이야. 나만 이런 고민을 하는 건지 의문이 드는 순간도 많더라. 

이런 상황에 대해 많은 사람들이 공감하는 만큼 온라인에서도 다양한 반응을 보이고 있어. 이걸 해결할 방법이 있을까? 

여러분은 30대 중반이 넘으면 연애에 대해 어떻게 생각해? 여러분이라면 어떤 방식으로 이 문제를 극복할 것 같음? 

연애고민 #30대연애 #사랑의문제 #오늘이슈 #인생고민",2025-11-30T10:28:20+0000,0,0,1,0,0,0,IMAGE,https://scontent-fra5-1.cdninstagram.com/v/t51.82787-15/589110018_17910213426268953_2653761012467935641_n.jpg?stp=dst-jpg_e35_tt6&_nc_cat=100&ccb=7-5&_nc_sid=18de74&efg=eyJlZmdfdGFnIjoiRkVFRC5iZXN0X2ltYWdlX3VybGdlbi5DMyJ9&_nc_ohc=RrRFgLDFdxAQ7kNvwGl_xOQ&_nc_oc=AdllAPV6TNDitmtq-ojEI8pjuAflK4aYIe09hcYwIYexGnjZHitLoU1IL2b1jjqWd-E&_nc_zt=23&_nc_ht=scontent-fra5-1.cdninstagram.com&edm=ACx9VUEEAAAA&_nc_gid=q_zTdD8Ydk7MDUrfLWvwDA&oh=00_Afg1dhwzlP7uSg57T-Qi_MTWdQLDUEskUUuamB_1_ZbyaQ&oe=6931D5D1,ye__bin04,연애고민,10,6,367,4,#30대연애 #사랑의문제 #오늘이슈 #인생고민,,,2025-11-30 10:23:25.388087,
18139940494456296,18139940494456296,18116493859568921,https://zigcou.com/post/partner/692bd423c93e2049d4017cda,부부관계시 러브젤 대시 쓰면 좋은것,"러브젤, 부부관계에 정말 필요할까? 🤔

많은 이들이 감정과 즐거움을 더해주는 러브젤을 부부관계에 활용하는 이유는 뭘까? 바로 부드러운 느낌과 함께 더 깊은 연결을 만들어주기 때문이야. 

적절한 러브젤을 선택하면 부부 간의 intimacy가 한층 더 올라갈 수 있는데, 특히 자연 성분이 가득한 제품들은 피부에 자극을 주지 않아 더욱 좋아. 

온라인에서도 많은 이들이 “덕분에 더 즐겁고 편안한 경험이 생겼다”고 입을 모으고 있어! 

여러분은 러브젤을 사용해본 적 있나요? 여러분의 경험은 어땠는지 궁금해! 

#부부관계 #러브젤 # intimacy #연애이야기 #건강한관계",https://cdn.zigcou.com/uploads/20251130/4cda3f51a3ed5bcb016739e20714fa130ce893fc15905ae2df6f4d1d6b8fbacb.jpeg,https://threds.kr/s/6TujoX,,https://www.threads.com/@ye__bin04/post/DRrWEnkEULT,"러브젤, 부부관계에 정말 필요할까? 🤔

많은 이들이 감정과 즐거움을 더해주는 러브젤을 부부관계에 활용하는 이유는 뭘까? 바로 부드러운 느낌과 함께 더 깊은 연결을 만들어주기 때문이야. 

적절한 러브젤을 선택하면 부부 간의 intimacy가 한층 더 올라갈 수 있는데, 특히 자연 성분이 가득한 제품들은 피부에 자극을 주지 않아 더욱 좋아. 

온라인에서도 많은 이들이 “덕분에 더 즐겁고 편안한 경험이 생겼다”고 입을 모으고 있어! 

여러분은 러브젤을 사용해본 적 있나요? 여러분의 경험은 어땠는지 궁금해! 

부부관계 #러브젤 # intimacy #연애이야기 #건강한관계",2025-11-30T10:28:42+0000,0,0,1,0,0,0,IMAGE,https://scontent-fra5-1.cdninstagram.com/v/t51.82787-15/591141008_17910213459268953_7220200341738837451_n.jpg?stp=dst-jpg_e35_tt6&_nc_cat=102&ccb=7-5&_nc_sid=18de74&efg=eyJlZmdfdGFnIjoiRkVFRC5iZXN0X2ltYWdlX3VybGdlbi5DMyJ9&_nc_ohc=vEBpbEl5TH8Q7kNvwHUeCIj&_nc_oc=AdlKKk9ZXBeh_oVJ1vuePNfVOcamM9natQNTIsdqeytODz_Ue-mvSuEYrSGTg08i0aY&_nc_zt=23&_nc_ht=scontent-fra5-1.cdninstagram.com&edm=ACx9VUEEAAAA&_nc_gid=q_zTdD8Ydk7MDUrfLWvwDA&oh=00_Afh_8IXL5RVAThWJq428gqmxx99Hp4LJ4of4Kb6t6-wtiA&oe=6931F24B,ye__bin04,부부관계,10,6,323,4,#러브젤 # #연애이야기 #건강한관계,,,2025-11-30 10:23:25.680482,
18064643900400632,18064643900400632,18544155811051823,https://zigcou.com/post/partner/692bd37bc93e2049d4017cd3,동양화 교수에게 칭찬받은 미대생 그림 실력,"“동양화 교수에게 칭찬받은 미대생의 그림 실력, 이 정도면 진짜 미술 천재 아님?”  

한 미대생이 그린 동양화가 유명 교수의 눈에 띄었다고 해요. 교수는 “이런 작품을 그릴 수 있다니, 정말 대단하다”고 극찬을 했다는 소식이 전해졌습니다.  

학생은 “그냥 그린 것뿐인데 이렇게까지 주목받는 줄 몰랐다”며 겸손한 반응을 보였어요. 진짜 실력이 있으면 언젠가는 다 알아주네요!  

이 사건은 미대생들에게 큰 영감을 주고 있는데, 그들의 노력과 열정이 더욱 빛을 발할 수 있는 계기가 될 것 같아요.  

여러분은 이런 칭찬, 어떤 기분일 것 같음?  

#미대생 #미술 #동양화 #칭찬 #예술",https://cdn.zigcou.com/uploads/20251130/9e538eb2b3ac3a80940c979ca4ce632669f373c05639a73ca7a5215076d14a45.jpeg,https://threds.kr/s/kbS1un,,https://www.threads.com/@ye__bin04/post/DRrWHVgkU9F,"“동양화 교수에게 칭찬받은 미대생의 그림 실력, 이 정도면 진짜 미술 천재 아님?” 

한 미대생이 그린 동양화가 유명 교수의 눈에 띄었다고 해요. 교수는 “이런 작품을 그릴 수 있다니, 정말 대단하다”고 극찬을 했다는 소식이 전해졌습니다. 

학생은 “그냥 그린 것뿐인데 이렇게까지 주목받는 줄 몰랐다”며 겸손한 반응을 보였어요. 진짜 실력이 있으면 언젠가는 다 알아주네요! 

이 사건은 미대생들에게 큰 영감을 주고 있는데, 그들의 노력과 열정이 더욱 빛을 발할 수 있는 계기가 될 것 같아요. 

여러분은 이런 칭찬, 어떤 기분일 것 같음? 

미대생 #미술 #동양화 #칭찬 #예술",2025-11-30T10:29:04+0000,0,0,1,0,0,0,IMAGE,https://scontent-fra3-1.cdninstagram.com/v/t51.82787-15/590415192_17910213510268953_384520214880657041_n.jpg?stp=dst-jpg_e35_tt6&_nc_cat=108&ccb=7-5&_nc_sid=18de74&efg=eyJlZmdfdGFnIjoiRkVFRC5iZXN0X2ltYWdlX3VybGdlbi5DMyJ9&_nc_ohc=ExLuUsFuTeAQ7kNvwEWZlY7&_nc_oc=AdkPWmjZ92uMTK9qOB3Xx-Ob0wtRyJoiSmAoDafqEGSOGtxIXlMicI8hBVTI-nfEsN4&_nc_zt=23&_nc_ht=scontent-fra3-1.cdninstagram.com&edm=ACx9VUEEAAAA&_nc_gid=q_zTdD8Ydk7MDUrfLWvwDA&oh=00_AfgZJQgFVvTFaIfm9iCMAms2X8Sawuv_Wnzfo9TZr8RC0w&oe=6931D3DB,ye__bin04,미대생,10,6,328,4,#미술 #동양화 #칭찬 #예술,,,2025-11-30 10:23:26.035541,
17921416521198675,17921416521198675,18080871530146249,https://zigcou.com/post/partner/692bd01dc93e2049d4017cc8,"홍콩 화재 속 ""아기 끌어안고 버틴 가사도우미""","홍콩 화재로 128명이 숨진 가운데, 필리핀 출신 가사 도우미가 생후 3개월된 아기를 끌어안고 현장에서 버텼다는 안타까운 소식이 전해졌다. 

29일, 홍콩 타이포의 웡 푹 코트에서 발생한 화재로 인해 도우미는 고용주 가족과 함께 갇힌 채로 수 시간 동안 연기와 열기를 막으며 아기를 지켰다. 결국 구조된 그는 현재 위중한 상태로 병원에서 치료 중이며, 아기는 안정된 상태라고 한다. 

화재로 인도네시아 출신 가사 도우미 7명이 희생된 것으로 확인되어 더욱 안타까움을 더하고 있다. 이 사고는 피해자와 그 가족들에게 깊은 슬픔을 안기고 있으며, 여전히 150명이 실종 상태에 있어 추가 희생이 우려된다. 

여러분은 이런 상황에 어떻게 대응했을 것 같아요? 

#홍콩화재 #가사도우미 #안타까운소식 #사건사고 #인도네시아인권",https://cdn.zigcou.com/uploads/20251130/6c8a92f79267165706f7c53ad13905df39cba636fdb2aaa274da63634eb3184b.jpeg,https://threds.kr/s/TTgmwP,,https://www.threads.com/@ye__bin04/post/DRrWKNMESL5,"홍콩 화재로 128명이 숨진 가운데, 필리핀 출신 가사 도우미가 생후 3개월된 아기를 끌어안고 현장에서 버텼다는 안타까운 소식이 전해졌다. 

29일, 홍콩 타이포의 웡 푹 코트에서 발생한 화재로 인해 도우미는 고용주 가족과 함께 갇힌 채로 수 시간 동안 연기와 열기를 막으며 아기를 지켰다. 결국 구조된 그는 현재 위중한 상태로 병원에서 치료 중이며, 아기는 안정된 상태라고 한다. 

화재로 인도네시아 출신 가사 도우미 7명이 희생된 것으로 확인되어 더욱 안타까움을 더하고 있다. 이 사고는 피해자와 그 가족들에게 깊은 슬픔을 안기고 있으며, 여전히 150명이 실종 상태에 있어 추가 희생이 우려된다. 

여러분은 이런 상황에 어떻게 대응했을 것 같아요? 

홍콩화재 #가사도우미 #안타까운소식 #사건사고 #인도네시아인권",2025-11-30T10:29:27+0000,0,0,1,0,0,0,IMAGE,https://scontent-fra3-2.cdninstagram.com/v/t51.82787-15/589446756_17910213540268953_790281664219789667_n.jpg?stp=dst-jpg_e35_tt6&_nc_cat=111&ccb=7-5&_nc_sid=18de74&efg=eyJlZmdfdGFnIjoiRkVFRC5iZXN0X2ltYWdlX3VybGdlbi5DMyJ9&_nc_ohc=nJ_1_kgRTJwQ7kNvwHrs_pU&_nc_oc=Adnjbv3dBpoBhKm3SJ8jiG24SZ-s7GcWpP3Zto6aDSN9ZoiOpAnQ8NS0S9X10F0_U6g&_nc_zt=23&_nc_ht=scontent-fra3-2.cdninstagram.com&edm=ACx9VUEEAAAA&_nc_gid=q_zTdD8Ydk7MDUrfLWvwDA&oh=00_AfiPWweQ8Aya8qCs1m56R9rke8Zu7aw-GXt_1MwAfZlT2Q&oe=6931D92E,ye__bin04,홍콩화재,10,6,405,4,#가사도우미 #안타까운소식 #사건사고 #인도네시아인권,,,2025-11-30 10:23:26.496791,"사진 = 뉴시스
홍콩 북부 타이포의 32층 아파트 단지 '웡 푹 코트'에서 발생한 화재로 최소 128명이 숨지고 83명이 다친 가운데, 한 필리핀 출신 가사 도우미가 아기를 살리고 위중한 상태인 것으로 알려져 안타까움을 사고 있다.
뉴시스 보도에 따르면, 29일(현지시각) 홍콩 매체 성도일보(星島日報)에 따르면 이 가사 도우미는 생후 3개월 된 아기를 껴안고 화재 현장에 버티다 구조됐다. 그는 홍콩에 도착한 지 며칠 되지 않은 상황이었으며, 화재 당시 연기와 열기가 빠르게 집 안으로 유입되는 가운데 고용주 가족과 함께 갇혔다.
가사 도우미는 아기를 끌어안고 연기와 열기를 막으며 수 시간 동안 버텼고, 이후 구조돼 병원으로 이송됐다. 그는 현재 위중한 상태로 응급실에서 치료를 받고 있으며, 아기는 안정적인 상태인 것으로 전해졌다.
홍콩 주재 인도네시아 총영사관은 이번 화재로 인도네시아 출신 가사 도우미 7명이 숨지고 2명이 다쳤다고 밝혔다. 총영사관 측은 유가족과 연락을 취하고 있으며 시신 본국 운구 절차를 서두르고 있다고 전했다.
이번 화재는 지난 26일 32층 아파트 7개 동에서 발생했으며 진화에는 43시간이 소요됐다. 현재까지 확인된 사망자는 128명, 부상자는 83명이며 여전히 150명이 실종 상태로 남아 있어 추가 희생자가 발생할 가능성도 있다."
