post_id,created_time,content,content_length,hashtag_count,hashtags,media_type,media_url,permalink,username,topic_tag,hour_of_day,day_of_week,views,likes,replies,reposts,quotes,shares
17968114409986343,2025-11-23T05:29:07+0000,"이게 수능 강사가 땅 장사도 하는 건가? 🤔

수능 스타강사 현우진 씨가 7년 전,
320억에 산 땅의 가치가 무려 650억을 넘길 거란다.

프랜차이즈 카페와 사무실로 운영된 이 땅,
이제 신축 공사 중이라는데… 

상권 재편 기대감이 장난 아님! 
부동산이 이렇게 대박나면, 우리도 땅 사야 하는 걸까?

너라면 이 투자, 찬성해? 반대해? 🏡💰",195,0,,TEXT_POST,,https://www.threads.com/@ye__bin04/post/DRYyOiLkTut,ye__bin04,,5,6,0.0,0.0,1.0,0.0,0.0,0.0
17930272215133236,2025-11-23T05:28:46+0000,"이게 지진 때문에 도로가 이렇게 망가진 거임? 😳

23년 튀르키예 지진으로 
아나톨리아 판이 무려 3~3.5m 이동했대. 
그래서 도로와 철길이 이렇게 어긋난 거라니… 

상상도 못 했던 상황이네. 
이건 진짜 상식 밖 아님? 

너라면 이 사진 보고 뭐라고 생각할 거야?",153,0,,TEXT_POST,,https://www.threads.com/@ye__bin04/post/DRYyL9MkWg4,ye__bin04,,5,6,2.0,0.0,1.0,0.0,0.0,0.0
17968546208829155,2025-11-23T05:28:26+0000,"이게 진짜 대화가 된다고? 🤔

비와 쯔양의 대화는 믿기 힘들 정도로 신박하다고 해. 
이조차도 누군가는 실화라고 믿을까? 

한편으로는 너무 대담한 표현들로 가득 차있어서, 
속으로 “이건 좀 아니지?”라는 생각도 드는 상황… 

여러분은 이 대화에 대해 어떻게 생각해? 
이건 그냥 웃어넘겨야 할 일인지, 진짜 문제인지?",181,0,,TEXT_POST,,https://www.threads.com/@ye__bin04/post/DRYyJlDEQlD,ye__bin04,,5,6,0.0,0.0,1.0,0.0,0.0,0.0
18088163743988858,2025-11-23T05:28:07+0000,"이게 이제 진짜 술로 덤비는 시대임? 😂

쯔양에게 술을 권한 동엽신. 
그 결과는... 
상상 이상이었다!
이건 진짜 뭐냐고? 
예전엔 다들 “너 나가” 했던 것 같은데...

이런 외모에 이런 행동은 진짜 선 넘은 거 아님? 
스치는 사람들은 뭐라고 할까?",145,0,,TEXT_POST,,https://www.threads.com/@ye__bin04/post/DRYyHT8kY7K,ye__bin04,,5,6,0.0,0.0,1.0,0.0,0.0,0.0
17867171958499310,2025-11-23T05:27:49+0000,"연차 사유, 진짜 이렇게까지 들어가야 해? 

연차 쓰려면 사유서 작성해야 한다고? 
그게 뭐 그렇게 복잡한 일이냐 싶지만… 
잘못하면 파트장이 진짜 암살할 기세라는 거ㅋㅋ 

이거, 진짜 선 넘는 거 아님? 
너라면 어떻게 대처할 건데?",133,0,,TEXT_POST,,https://www.threads.com/@ye__bin04/post/DRYyE9eEdhx,ye__bin04,,5,6,9.0,1.0,1.0,0.0,0.0,0.0
18078217223149454,2025-11-23T05:27:30+0000,"이렇게 갈린 여자 취향, 진짜 이해 가능해? 

아니, 어떤 남자들은 동물 애호가에 완전 취약하다며? 
반면에, 스포츠 팬은 아예 거들떠도 안 본다구… 

이게 대체 무슨 기준인지 궁금해지네! 

어디까지가 취향이고, 어디서부터가 편견일까? 

너라면 어떤 편에 설 것 같아?",154,0,,TEXT_POST,,https://www.threads.com/@ye__bin04/post/DRYyCzrEbft,ye__bin04,,5,6,0.0,0.0,1.0,0.0,0.0,0.0
18096121795836190,2025-11-23T05:27:12+0000,"이번에 스타벅스에서 또 논란이 터졌네… 

전동휠을 가지고 들어와서 충전 중이라는데, 
이게 진짜 가능한 일임? 
카페에서 전기차 충전기처럼 휠도 충전할 수 있다고? 

직원들도 어이없겠다… 
너라면 이런 상황에 뭐라고 할 거야? 
충전 중인 전동휠, 괜찮은 걸까? 🤔",150,0,,TEXT_POST,,https://www.threads.com/@ye__bin04/post/DRYyAlPkQko,ye__bin04,,5,6,2.0,0.0,1.0,0.0,0.0,0.0
18409716898187249,2025-11-23T05:26:54+0000,"이게 군인들 밥 먹는 걸 못 참는 사람도 있냐? 🤔

동네 공원에서 군인들이 여유롭게 밥 먹는 모습을 보고 
어떤 사람이 ""이건 진짜 선 넘은 거 아님?""이라고 싸늘한 시선 보내는 사건 발생! 

부대 근처인데 왜 군인들이 밥을 못 먹어? 
국가를 위해 수고하고 있는데 이건 좀… 

너라면 어떻게 반응할 거야?",174,0,,TEXT_POST,,https://www.threads.com/@ye__bin04/post/DRYx-WnEdrP,ye__bin04,,5,6,0.0,0.0,1.0,0.0,0.0,0.0
17928262434151187,2025-11-23T05:26:35+0000,"와… 이건 좀 선 넘은 거 아님? 

중국 미혼녀들이 몸을 팔고 다닌다는데, 
이게 진짜 현실이라고? 

그녀들의 사연은 각양각색, 
어떤 이는 경제적 이유로, 
또 다른 이는 단순한 호기심? 

이거 공감? 아니면 도저히 이해 못할 행동이야? 
너라면 뭐라고 할 거야?",151,0,,TEXT_POST,,https://www.threads.com/@ye__bin04/post/DRYx8H9EStZ,ye__bin04,,5,6,1.0,0.0,1.0,0.0,0.0,0.0
17915001837089093,2025-11-23T05:26:15+0000,"이게 순경 되면 진짜 받는 신고라니…?

순경이 된 후에 듣게 되는 
충격적인 신고 내용이 있다고 하는데… 

그게 뭔지 알아? 
실제로 이런 신고가 들어온다고? 

와, 이건 좀 아닌 것 같은데… 
너라면 어떻게 생각해? 
이런 상황에서 신고를 해야 할까?",144,0,,TEXT_POST,,https://www.threads.com/@ye__bin04/post/DRYx5iBkbBB,ye__bin04,,5,6,1.0,1.0,1.0,0.0,0.0,0.0
17904873159293294,2025-11-22T11:21:35+0000,"🔍 ""이이경 인스타에 무슨 일이?! 🤔""

오늘 갑자기 이이경이 인스타에서 
하차 소식을 전했는데요! 🚪💨 
놀면 뭐하니? 이제는 놀지 말고 
인스타를 봐야 할 시간! 😆📸 
하차 장면이 궁금한 사람? 여기서 확인해 보세요! 

그런데 여러분은 하차 소식 듣고 어떤 반응이었나요? 
이이경의 하차를 예상하셨나요? 🤷‍♂️✨",180,0,,TEXT_POST,,https://www.threads.com/@ye__bin04/post/DRW1xOcEnwm,ye__bin04,,11,5,50.0,0.0,1.0,0.0,0.0,0.0
17935924740100440,2025-11-22T11:21:12+0000,"🔍 ""장자크 루소, 인생 최고의 욕은? 🤔""

근대 교육 철학의 아버지, 장자크 루소가 
평생 먹었던 욕은? 😂 

당시 고아원에 버려지는 아이들은 다반사였지만, 다섯 명은 좀 과한 것 같죠? 
그 시대의 기준으로도 이건 좀... 😅

여러분은 역사 속 인물 중 누가 제일 웃긴 욕을 먹었을까요? 🤷‍♂️ 
댓글로 나눠주세요!",182,0,,TEXT_POST,,https://www.threads.com/@ye__bin04/post/DRW1ubpkrFt,ye__bin04,,11,5,0.0,0.0,1.0,0.0,0.0,0.0
17893816740226248,2025-11-22T06:01:10+0000,"장자크 루소, 근대 교육 철학의 아버지인데… 
이분이 평생동안 받은 '식사'는 욕이었답니다! 😂 
고아원에 애를 버리는 게 흔했던 시대에, 
다섯 명은 좀 너무한 거 아니냐고?! 🤔",101,0,,TEXT_POST,,https://www.threads.com/@ye__bin04/post/DRWRGbrgcCm,ye__bin04,,6,5,10.0,1.0,1.0,0.0,0.0,0.0
18353054107207003,2025-11-22T06:00:47+0000,"👉 ""루소가 평생 먹은 건 욕이었어?!"" 😱",24,0,,TEXT_POST,,https://www.threads.com/@ye__bin04/post/DRWRDpkAajr,ye__bin04,,6,5,8.0,1.0,1.0,0.0,0.0,0.0
17938939506077790,2025-09-13T22:54:43+0000,,0,0,,REPOST_FACADE,,https://www.threads.com/@ye__bin04/post/DOj1dFykiXW,ye__bin04,,22,5,,,,,,
18115339234515720,2025-09-13T06:47:54+0000,미국에 오픈한 롯데리아 버거 퀄리티,19,0,,IMAGE,https://scontent-ams2-1.cdninstagram.com/v/t51.82787-15/548015645_17901642720268953_5461629303069148446_n.webp?stp=dst-jpg_e35_tt6&_nc_cat=103&ccb=7-5&_nc_sid=18de74&efg=eyJlZmdfdGFnIjoiRkVFRC5iZXN0X2ltYWdlX3VybGdlbi5DMyJ9&_nc_ohc=3McejqRTpbwQ7kNvwHvsCmd&_nc_oc=Admn5jEbaynvzd9VcZNtNLpQa2tyoCKJk5iFljAcWs4DClCJQ0F4atXkKN9mkx0el7c&_nc_zt=23&_nc_ht=scontent-ams2-1.cdninstagram.com&edm=ACx9VUEEAAAA&_nc_gid=3EqhIyF-WSY53bcPdoxJug&oh=00_AfiI8SPAcTojS_a52svVCDY2hhnhdWzsHNcX8IYw-frgLA&oe=6928830E,https://www.threads.com/@ye__bin04/post/DOiGz2gkWnE,ye__bin04,유머,6,5,129.0,8.0,1.0,1.0,0.0,0.0
17909677143215159,2025-09-13T06:45:38+0000,40대 부터 회사에서 잘리기 시작하는 이유..,25,0,,IMAGE,https://scontent-ams2-1.cdninstagram.com/v/t51.82787-15/546443244_17901642570268953_7047296564037540703_n.webp?stp=dst-jpg_e35_tt6&_nc_cat=106&ccb=7-5&_nc_sid=18de74&efg=eyJlZmdfdGFnIjoiRkVFRC5iZXN0X2ltYWdlX3VybGdlbi5DMyJ9&_nc_ohc=JYGOQSbr3MsQ7kNvwFptQgQ&_nc_oc=AdkAqvpXRzZfj7bc9ne2MHV3BOxbcGEYrF5Q-m0wqGU_rZUCU68K0i99ohqfI6fuxUU&_nc_zt=23&_nc_ht=scontent-ams2-1.cdninstagram.com&edm=ACx9VUEEAAAA&_nc_gid=3EqhIyF-WSY53bcPdoxJug&oh=00_Afgc6PEqLRfZ_Oyx7Gefl3C-A3fObDiVUrlvxuuO-1SYlA&oe=69289142,https://www.threads.com/@ye__bin04/post/DOiGjPREQHu,ye__bin04,회사생활,6,5,239.0,1.0,1.0,0.0,0.0,0.0
18156016474378123,2025-09-10T14:52:27+0000,"손태진, 5개 국어 능력 발휘하나? 10월 ‘길치라도 괜찮아’ 출연",37,0,,IMAGE,https://scontent-ams2-1.cdninstagram.com/v/t51.82787-15/543626717_17901338745268953_6734621855181460973_n.jpg?stp=dst-jpg_e35_tt6&_nc_cat=109&ccb=7-5&_nc_sid=18de74&efg=eyJlZmdfdGFnIjoiRkVFRC5iZXN0X2ltYWdlX3VybGdlbi5DMyJ9&_nc_ohc=lFf7muLfMHgQ7kNvwEwqL6R&_nc_oc=Adl9Pk4AW8qHtsh1bno8b429H6ohYLlmsV57chrEyzaMPzy9FWq09kCedsduuIcuy6E&_nc_zt=23&_nc_ht=scontent-ams2-1.cdninstagram.com&edm=ACx9VUEEAAAA&_nc_gid=3EqhIyF-WSY53bcPdoxJug&oh=00_AfhvnU3rssakCY6GuPIBek8yyBuQgx91_TccUrEbQdAvDA&oe=6928980F,https://www.threads.com/@ye__bin04/post/DObP3x4gY_U,ye__bin04,,14,2,88.0,0.0,1.0,0.0,0.0,0.0
18072787802033116,2025-08-23T09:15:44+0000,"타이어 시장도 점령 시작한 쿠팡이라는데..
어떻게 생각해..?",34,0,,IMAGE,https://scontent-ams2-1.cdninstagram.com/v/t51.82787-15/537563760_17899230687268953_3060606836676424035_n.webp?stp=dst-jpg_e35_tt6&_nc_cat=111&ccb=7-5&_nc_sid=18de74&efg=eyJlZmdfdGFnIjoiRkVFRC5iZXN0X2ltYWdlX3VybGdlbi5DMyJ9&_nc_ohc=Vbf4G8WuY4wQ7kNvwGoXwNE&_nc_oc=AdmyLCApDFqWfV47f_oGgoDOMZ1lKe9f6FkrVbp1-D0C37m4hvsdx0HXnhp92n4wcz8&_nc_zt=23&_nc_ht=scontent-ams2-1.cdninstagram.com&edm=ACx9VUEEAAAA&_nc_gid=3EqhIyF-WSY53bcPdoxJug&oh=00_AfjTcj-uDIatJPPHX0A0_CW_qo_EOSWvoOz15LEL7aXwzQ&oe=69289E7D,https://www.threads.com/@ye__bin04/post/DNsTCMg4mzy,ye__bin04,논란,9,5,5922.0,11.0,1.0,0.0,0.0,13.0
18068869049177024,2025-08-23T06:42:41+0000,"남자 30살에 1억 모은사람이많아?? 
군대.대학졸업 하면 불가능할꺼같은데 
요즘 여자들은 남자들이 다 재벌인줄 … 
사실은 여자들이 더일찍 취업해서 더 유리한데",90,0,,TEXT_POST,,https://www.threads.com/@ye__bin04/post/DNsBhQmYsbq,ye__bin04,,6,5,2005.0,2.0,1.0,0.0,0.0,0.0
18101428504593460,2025-08-23T06:35:45+0000,"드디어 빚 다 갚았어.. 
5년 간의 개인회생 끝.. 
너무 긴 시간이었다.. 
나 축하좀 해줄래?..",57,0,,TEXT_POST,,https://www.threads.com/@ye__bin04/post/DNsAuhyYujl,ye__bin04,,6,5,937.0,2.0,3.0,0.0,0.0,0.0
17909878542074858,2025-08-19T12:03:50+0000,"현실적인 직업 티어표래
스친이들 직업은 몇티어야??",28,0,,IMAGE,https://scontent-ams2-1.cdninstagram.com/v/t51.82787-15/534726475_17898774741268953_5480023140800812520_n.jpg?stp=dst-jpg_e35_tt6&_nc_cat=107&ccb=7-5&_nc_sid=18de74&efg=eyJlZmdfdGFnIjoiRkVFRC5iZXN0X2ltYWdlX3VybGdlbi5DMyJ9&_nc_ohc=L8KJbl7n6x0Q7kNvwGs2iiQ&_nc_oc=AdnlEm_d0ViDCbGcS42IyBgI4Ck1bL5nqi9QDF6DlgFvQe-OANnecr4z8OvL4MAVylM&_nc_zt=23&_nc_ht=scontent-ams2-1.cdninstagram.com&edm=ACx9VUEEAAAA&_nc_gid=3EqhIyF-WSY53bcPdoxJug&oh=00_AfhLC03fbrN1OEba7Pe0ZiMHM9lGdK5viG1wUx0J_7qqnw&oe=69288EE2,https://www.threads.com/@ye__bin04/post/DNiTF-IS9P1,ye__bin04,논란,12,1,102.0,0.0,1.0,0.0,0.0,0.0
18067918100178177,2025-08-19T03:42:39+0000,"어제 술집에서 조금 특이한 광경을 목격했는데...

1. 여자 3명이 술을마시고 있는데 남자 2명이 여자 테이블에 합석을 요구함

2. 합석이 이뤄지고 분위기가 괜찮았는지 2차 갈려고 5명이 자리에서 일어남

3. 남자 2명의 타겟이었떤 여자 A와 B는 남자들과 같이 2차로 옮기길 원했고 짝이없던 여자C는...",174,0,,TEXT_POST,,https://www.threads.com/@ye__bin04/post/DNhZvMoSsPM,ye__bin04,,3,1,128.0,1.0,2.0,0.0,0.0,0.0
18335770885202027,2025-08-10T04:19:27+0000,"할아버지가 되어버린 션 충격 근황이라는데
.
.
.
살이 너무 급격하게 빠진거 아닌가..?",50,0,,IMAGE,https://scontent-ams2-1.cdninstagram.com/v/t51.82787-15/529625679_17897623131268953_4332804934571723548_n.webp?stp=dst-jpg_e35_tt6&_nc_cat=110&ccb=7-5&_nc_sid=18de74&efg=eyJlZmdfdGFnIjoiRkVFRC5iZXN0X2ltYWdlX3VybGdlbi5DMyJ9&_nc_ohc=g5pUZx0LovQQ7kNvwEvvd3l&_nc_oc=Adl3Bjmtc9Iut25ZgfYMzKq-5vqDCgGQlooMadU0-YAkSD0AFRSIu1SQH5LLYbShvoE&_nc_zt=23&_nc_ht=scontent-ams2-1.cdninstagram.com&edm=ACx9VUEEAAAA&_nc_gid=3EqhIyF-WSY53bcPdoxJug&oh=00_Afj1-bd7Hbu0ke0APYJ6gF2GOOvftyoDkO9-5zLOuHgNfg&oe=6928788F,https://www.threads.com/@ye__bin04/post/DNKSy1_xfqA,ye__bin04,,4,6,171.0,0.0,1.0,0.0,0.0,1.0
18087382303761887,2025-08-10T04:08:39+0000,"같은질문 150번 들은 사람
.
.
7급 왜 안함?
이 방송 나가고도 더 듣는다는데..",48,0,,IMAGE,https://scontent-ams2-1.cdninstagram.com/v/t51.82787-15/529800057_17897622042268953_7401774941930242939_n.webp?stp=dst-jpg_e35_tt6&_nc_cat=108&ccb=7-5&_nc_sid=18de74&efg=eyJlZmdfdGFnIjoiRkVFRC5iZXN0X2ltYWdlX3VybGdlbi5DMyJ9&_nc_ohc=ZXg504cJBWoQ7kNvwEZECSP&_nc_oc=AdlNgk8kB4izmS-Hc6M-EuF1I3j1Y8BMlsBmJE9za7r0LkCrQBgIqnR_dKLsDc2rXZM&_nc_zt=23&_nc_ht=scontent-ams2-1.cdninstagram.com&edm=ACx9VUEEAAAA&_nc_gid=3EqhIyF-WSY53bcPdoxJug&oh=00_AfjnyZLKv45truDG0rZztFFZx_Q5sKr_qbceh88XPzOOSA&oe=69289820,https://www.threads.com/@ye__bin04/post/DNKRjq8xuhy,ye__bin04,유머,4,6,218.0,0.0,2.0,0.0,0.0,0.0
18092784919633003,2025-07-19T05:21:48+0000,"'결혼♡'김지민, 아버지 빈자리 김대희가 채운이유..",29,0,,IMAGE,https://scontent-ams2-1.cdninstagram.com/v/t51.82787-15/520632309_17894910438268953_3712801875830304628_n.webp?stp=dst-jpg_e35_tt6&_nc_cat=108&ccb=7-5&_nc_sid=18de74&efg=eyJlZmdfdGFnIjoiRkVFRC5iZXN0X2ltYWdlX3VybGdlbi5DMyJ9&_nc_ohc=lCt8KCGAmRoQ7kNvwEVtmKg&_nc_oc=AdmdmL0206IKwuUD75B7rTSVRzSXnLuuPd54Pqwx7myWTZNSA9s4mg44sKIz4qisILo&_nc_zt=23&_nc_ht=scontent-ams2-1.cdninstagram.com&edm=ACx9VUEEAAAA&_nc_gid=3EqhIyF-WSY53bcPdoxJug&oh=00_AfjTG7TwloMtKurrBzDIPc1aJ8DLCtyD7HUbyI1prHFkfQ&oe=692871B6,https://www.threads.com/@ye__bin04/post/DMRwcPARkjc,ye__bin04,,5,5,106.0,1.0,3.0,0.0,0.0,0.0
18013603925753925,2025-07-12T00:08:17+0000,,0,0,,REPOST_FACADE,,https://www.threads.com/@ye__bin04/post/DL_K_2DSQR3,ye__bin04,,0,5,,,,,,
17863794858428301,2025-07-11T23:11:40+0000,"현재 논란인 환경미화원 11년차 급여명세서라는데 
.
.
지금 이더위에 30일을 풀로 일하심 ㄷㄷ
이렇게 일했는데 월급은 이정도네 스친이들 생각은 어때 적당한거 같아?",93,0,,IMAGE,https://scontent-ams2-1.cdninstagram.com/v/t51.82787-15/517790672_17894019030268953_4567408161643441247_n.webp?stp=dst-jpg_e35_tt6&_nc_cat=110&ccb=7-5&_nc_sid=18de74&efg=eyJlZmdfdGFnIjoiRkVFRC5iZXN0X2ltYWdlX3VybGdlbi5DMyJ9&_nc_ohc=qPUqkRToa4IQ7kNvwG_svMu&_nc_oc=AdmHf5eqrc4aJ_1hUdAZchg6AFPDwBpq5r1jSEYhdcDFWi2IbeXyJMSwa391WJTLv5k&_nc_zt=23&_nc_ht=scontent-ams2-1.cdninstagram.com&edm=ACx9VUEEAAAA&_nc_gid=3EqhIyF-WSY53bcPdoxJug&oh=00_AfjB2hdjxW0X67FfiGTJc0KGNvPL6s44iEd3qi0TSYsnDQ&oe=69289A8F,https://www.threads.com/@ye__bin04/post/DL_EhJpzyp7,ye__bin04,논란,23,4,3882.0,6.0,7.0,1.0,0.0,0.0
18085642162687923,2025-06-28T03:49:39+0000,,0,0,,REPOST_FACADE,,https://www.threads.com/@ye__bin04/post/DLbhM8hyXCi,ye__bin04,,3,5,,,,,,
18140527708409230,2025-06-28T03:49:30+0000,,0,0,,REPOST_FACADE,,https://www.threads.com/@ye__bin04/post/DLbhLycy-m2,ye__bin04,,3,5,,,,,,
17983592723699104,2025-06-28T03:11:03+0000,"남자 30살에 1억 모은사람이많아?? 
군대.대학졸업 하면 불가능할꺼같은데 
요즘 여자들은 남자들이 다 재벌인줄 … 
사실은 여자들이 더일찍 취업해서 더 유리한데",90,0,,TEXT_POST,,https://www.threads.com/@ye__bin04/post/DLbcyM3SnN3,ye__bin04,,3,5,476.0,2.0,2.0,0.0,0.0,0.0
18329244829200173,2025-06-28T03:06:21+0000,의외로 여자들이 ㅅㅅ할때 남자한테 서운해하는부분,26,0,,IMAGE,https://scontent-ams2-1.cdninstagram.com/v/t51.75761-15/513438408_17892333129268953_7256870535529730754_n.jpg?stp=dst-jpg_e35_tt6&_nc_cat=109&ccb=7-5&_nc_sid=18de74&efg=eyJlZmdfdGFnIjoiRkVFRC5iZXN0X2ltYWdlX3VybGdlbi5DMyJ9&_nc_ohc=QxLtzHO7l7UQ7kNvwEzzztV&_nc_oc=AdnUWjEs2EqihpR1gru87zIdTPF-D4z8VHI2rFJQ49uNU2OfvteR7dOwf1ycdROv9vw&_nc_zt=23&_nc_ht=scontent-ams2-1.cdninstagram.com&edm=ACx9VUEEAAAA&_nc_gid=3EqhIyF-WSY53bcPdoxJug&oh=00_Afgb6HH1nktDzHhz7wr2VQ4gsYbKae-85l0bjUSEK3nqXA&oe=69287284,https://www.threads.com/@ye__bin04/post/DLbcPyLSJi0,ye__bin04,1000명 프로젝트,3,5,2456.0,0.0,1.0,0.0,0.0,1.0
18112080133452036,2025-06-28T01:41:03+0000,"연봉 8천 준다 하면 지방 갈 사람??

1. 간다. 8천이면 괜찮은듯?
VS
2. 안 간다. 지방엔 진짜 아무것도 없어…

현재 반반으로 의견 갈리는중
스친이들 선택은?",95,0,,IMAGE,https://scontent-ams2-1.cdninstagram.com/v/t51.75761-15/504711416_17892326289268953_1630160996419226205_n.webp?stp=dst-jpg_e35_tt6&_nc_cat=109&ccb=7-5&_nc_sid=18de74&efg=eyJlZmdfdGFnIjoiRkVFRC5iZXN0X2ltYWdlX3VybGdlbi5DMyJ9&_nc_ohc=EJ3u0s9M5UkQ7kNvwFhFnbJ&_nc_oc=AdlAEkGQ7d0vD_nuXXn4wh_tyAu-DGnfyp7m2r9hFXpXTZnkaOvkF28WuPyqOmv-ytc&_nc_zt=23&_nc_ht=scontent-ams2-1.cdninstagram.com&edm=ACx9VUEEAAAA&_nc_gid=3EqhIyF-WSY53bcPdoxJug&oh=00_AfhGTrYByjbz8ZKQKJu6KddSQy77ZQPV4d4WQWXIbkJ18g&oe=69288550,https://www.threads.com/@ye__bin04/post/DLbSfDtS1wn,ye__bin04,유머,1,5,394.0,0.0,3.0,0.0,0.0,0.0
17969404106877914,2025-06-25T07:16:38+0000,교복 체험한 리포터 누나의 솔직 반응.jpg,24,0,,IMAGE,https://scontent-ams2-1.cdninstagram.com/v/t51.75761-15/511543781_17891994720268953_5904559566892036025_n.webp?stp=dst-jpg_e35_tt6&_nc_cat=110&ccb=7-5&_nc_sid=18de74&efg=eyJlZmdfdGFnIjoiRkVFRC5iZXN0X2ltYWdlX3VybGdlbi5DMyJ9&_nc_ohc=OQ-VQHizut8Q7kNvwHxSxn8&_nc_oc=Adkgq-5zPMtQ2eqRcZMSVq-CbMRU63D8jV6j0c35gmxD88KyJduZPwvZjp02_mqsJgQ&_nc_zt=23&_nc_ht=scontent-ams2-1.cdninstagram.com&edm=ACx9VUEEAAAA&_nc_gid=3EqhIyF-WSY53bcPdoxJug&oh=00_AfhoqvQLM6E7k1jVUz9bkeqSTOGwGNGN1AEnrDxQHWs-2Q&oe=69287FC3,https://www.threads.com/@ye__bin04/post/DLUKgWTxLCh,ye__bin04,,7,2,207.0,1.0,1.0,0.0,0.0,0.0
18054575285362718,2025-06-25T06:54:53+0000,"MBTI n과 s 차이 극명하게 드러난다는 질문
.
.
각자 자기 mbti에 따라서 답 적어보면 재밌겠당",58,0,,IMAGE,https://scontent-ams2-1.cdninstagram.com/v/t51.75761-15/511537669_17891992929268953_5966706872849027773_n.webp?stp=dst-jpg_e35_tt6&_nc_cat=110&ccb=7-5&_nc_sid=18de74&efg=eyJlZmdfdGFnIjoiRkVFRC5iZXN0X2ltYWdlX3VybGdlbi5DMyJ9&_nc_ohc=6ayky9vawcIQ7kNvwGC3GP6&_nc_oc=AdlCKNSDNpFbnhZI33PHu5jHMhI9We25n8DCVwTvOMz_rxwrsP6bN6QfXmf4dXAIU5E&_nc_zt=23&_nc_ht=scontent-ams2-1.cdninstagram.com&edm=ACx9VUEEAAAA&_nc_gid=3EqhIyF-WSY53bcPdoxJug&oh=00_AfhxJYfetplsLDh7zjbV2KqHDQOrcY4X0dUIcQIJJ1steA&oe=69287CAE,https://www.threads.com/@ye__bin04/post/DLUIBA6xhsz,ye__bin04,유머,6,2,536.0,1.0,2.0,0.0,0.0,0.0
18069758135054235,2025-06-23T12:25:41+0000,"유용한 회사 필수 업무용어 리스트

1. 작일 > 어제
2. 금일 > 오늘
3. 익일 > 내일
4. 상기일 > 위에 명시한 날
5. 금주 > 이번 주
6. 차주 > 다음 주
7. 전기 > 전년도
8. 당기 > 이번년도
9. 차기 > 내년
10. 귀사 > 상대 회사
11. 당사 >  우리 회사
12. 시말서 > 반성문
13. 지출결의서 > 지출 예상되는 비용 승인 받고자 쓰는 문서
14. EOM(메일 용어) > 제목이 내용과 동일
15. EOD(메일 용어) > 오늘까지 끝내야 하는 업무

스하리1000명프로젝트 (스하리=반하리)",297,0,,TEXT_POST,,https://www.threads.com/@ye__bin04/post/DLPkSIsSUgx,ye__bin04,,12,0,152.0,2.0,1.0,1.0,0.0,0.0
18057319247009559,2025-06-03T01:51:56+0000,이명박 전 대통령 각하 부부도 본투표 하셨다는데.. 우리도 투표 하자 ㄱㄱ,41,0,,IMAGE,https://scontent-ams2-1.cdninstagram.com/v/t51.75761-15/503173934_17889225633268953_4448062919386876101_n.webp?stp=dst-jpg_e35_tt6&_nc_cat=100&ccb=7-5&_nc_sid=18de74&efg=eyJlZmdfdGFnIjoiRkVFRC5iZXN0X2ltYWdlX3VybGdlbi5DMyJ9&_nc_ohc=x5ztTiyBquUQ7kNvwGtzKxS&_nc_oc=AdmfnjEwQ7zbDitU4kZDJlez0vETK96xA8L8iUeqN_fs2Xi_GkzRmk9th_IEOprUa-o&_nc_zt=23&_nc_ht=scontent-ams2-1.cdninstagram.com&edm=ACx9VUEEAAAA&_nc_gid=3EqhIyF-WSY53bcPdoxJug&oh=00_AfhlM1EAGx14KFtYmHLR7KKXGswwHD6WsYqCacgXmOsV_w&oe=6928931D,https://www.threads.com/@ye__bin04/post/DKa726Dy2AL,ye__bin04,,1,1,39.0,2.0,0.0,0.0,0.0,0.0
18037599707269776,2025-04-13T13:25:12+0000,탄핵된 이후.. 한국사 강사 전한길 충격 근황 ㄷㄷ,28,0,,IMAGE,https://scontent-ams2-1.cdninstagram.com/v/t51.75761-15/489924855_17883108642268953_1929406765090696201_n.webp?stp=dst-jpg_e35_tt6&_nc_cat=107&ccb=7-5&_nc_sid=18de74&efg=eyJlZmdfdGFnIjoiRkVFRC5iZXN0X2ltYWdlX3VybGdlbi5DMyJ9&_nc_ohc=OB79VGerFZ8Q7kNvwFfqtjr&_nc_oc=AdmLQMv2_MSrydbm6ypCvTRtMbg8sXPJs5sI-HFFMMEKuB8T1DGxU8_eOOEOjmulYfg&_nc_zt=23&_nc_ht=scontent-ams2-1.cdninstagram.com&edm=ACx9VUEEAAAA&_nc_gid=3EqhIyF-WSY53bcPdoxJug&oh=00_AfhSy2gzu17X2s7LVCgaFhx1t3F1EywMltI7VNxG3FDiYA&oe=692895C0,https://www.threads.com/@ye__bin04/post/DIY2p2ey-n4,ye__bin04,,13,6,74.0,0.0,1.0,0.0,0.0,0.0
18359083930135241,2025-03-28T16:07:44+0000,"얘들아 죽고나서 절대 화장 하지마
우리 외삼촌이 서울대 의대 신경계열 박사 되시는데 죽고나면 모든 신경이 다 불빛 꺼지듯이 꺼지게 되는데 그 때 엄청난 충격이 가해지면 잠시 픽 하고 켜진대 근데 화장을 할 때 신경이 꺼진 상태에서 엄청난 열기가 가해지면 신경이 켜지고 의식을 잠깐 깨게 되는데…",164,0,,TEXT_POST,,https://www.threads.com/@ye__bin04/post/DHv8iWyyCgi,ye__bin04,,16,4,103.0,1.0,1.0,0.0,0.0,0.0
18049694486040930,2025-03-28T16:06:39+0000,"노래방 도우미에게 충격받은썰
술자리에서 친구랑 얘기하다가 갑자기 대기업 다니는 친구가 “노래방 ㄱ?” 하길래 따라감. 자기가 쏜다길래 바로 출동함. 아가씨 한 명씩 붙고 노래 부르고 얘기하면서 놀았는데, 내가 리모컨 들고 있는 도우미한테 엠맥 원러브 예약 좀 해달라 했거든? 근데 몇 분 지나도 계속 리모컨 붙잡고 있길래 뭐하냐 물었더니, 충격 발언을 날림…",200,0,,TEXT_POST,,https://www.threads.com/@ye__bin04/post/DHv8aZdyRj-,ye__bin04,,16,4,110.0,0.0,1.0,0.0,0.0,0.0
18079485055678481,2025-03-28T16:05:32+0000,‘이재명 25만원권 발행’ 이재명 얼굴 새긴 지폐 만든 이준석 근황에 모두가 놀랐다.,47,0,,TEXT_POST,,https://www.threads.com/@ye__bin04/post/DHv8SOaSqXl,ye__bin04,,16,4,62.0,0.0,1.0,0.0,0.0,0.0
17976094322696434,2025-03-28T14:36:00+0000,,0,0,,REPOST_FACADE,,https://www.threads.com/@ye__bin04/post/DHvyCeryjtb,ye__bin04,,14,4,,,,,,
18007408487719336,2025-03-28T14:35:46+0000,"“잔디 탓하는 이유 있었다..” ‘손흥민, 요르단 전 끝난 후 충격 소식 전해 모두 경악했다",51,0,,TEXT_POST,,https://www.threads.com/@ye__bin04/post/DHvyAymSZRE,ye__bin04,,14,4,62.0,0.0,1.0,0.0,0.0,0.0
17919474243076206,2025-03-28T14:35:20+0000,,0,0,,REPOST_FACADE,,https://www.threads.com/@ye__bin04/post/DHvx9mEyjMB,ye__bin04,,14,4,,,,,,
17854229880361971,2025-03-26T01:04:15+0000,김새론 전 남친까지 의심 무릅쓰고 진실 규명 나섰다. 전 남친의 폭로에 모두가 놀랐다.,48,0,,TEXT_POST,,https://www.threads.com/@ye__bin04/post/DHpLjOtSgRB,ye__bin04,,1,2,55.0,0.0,1.0,0.0,0.0,0.0
18034057814220997,2025-02-11T16:05:54+0000,“내 딸과 똑같은 나이..” 8세 하늘이 사망 소식에 장례식장 찾아간 연예인들,43,0,,IMAGE,https://scontent-ams2-1.cdninstagram.com/v/t51.75761-15/476957160_17875331997268953_3749277362936586126_n.jpg?stp=dst-jpg_e35_tt6&_nc_cat=101&ccb=7-5&_nc_sid=18de74&efg=eyJlZmdfdGFnIjoiRkVFRC5iZXN0X2ltYWdlX3VybGdlbi5DMyJ9&_nc_ohc=Tmv3FUn6V5IQ7kNvwGu0RzC&_nc_oc=Adna_jQK6U_Es3inzvFZxBJ9AZGjqOVv4Y2fKpUXljqTKHxQ-DEk7C6nL9f3h3YPMU0&_nc_zt=23&_nc_ht=scontent-ams2-1.cdninstagram.com&edm=ACx9VUEEAAAA&_nc_gid=3EqhIyF-WSY53bcPdoxJug&oh=00_Afj-T-fZrszzDsn4t58B4tmD_Q-VCKfe_Ts17g9mWedcSQ&oe=692875C5,https://www.threads.com/@ye__bin04/post/DF8EjgvSa0t,ye__bin04,,16,1,2933.0,3.0,1.0,0.0,0.0,0.0
18257404534281592,2025-01-04T00:14:36+0000,,0,0,,REPOST_FACADE,,https://www.threads.com/@ye__bin04/post/DEYhesoTVs3,ye__bin04,,0,5,,,,,,
18102675217468596,2024-12-19T15:01:57+0000,,0,0,,REPOST_FACADE,,https://www.threads.com/@ye__bin04/post/DDw6T33THCC,ye__bin04,,15,3,,,,,,
18068819344732268,2024-12-18T15:00:26+0000,"우리 회사 이번에 대박사건 하나 터짐
대충 700명쯤 다니는 중견기업인데
한 영업부 대리 말년차가 인사팀에 문의 메일씀
(업무상 세금 납부 관련)
2주간 답 없음 - 리마인드 메일 보냄
2주간 답 없음 - (읽긴함) 전화/카톡 다 씹음
다시 리마인드를 인사팀 팀장이랑 이사까지 걸어서함
그래도 답 못받음
개빡쳐서 바로 사장 참조에 걸고 보냈고......
(메일에 리마인드 메일 이력까지 다 넣어서)
회사에 바로 소문퍼짐ㅋㅋㅋㅋㅋㅋ
원래 우리 인사팀이 연락 안받고
메일 답 안하기로 유명한데
대리도 대단하지...근데 대리가 알고보니...댓글에 계속",305,0,,TEXT_POST,,https://www.threads.com/@ye__bin04/post/DDuVV22zIIy,ye__bin04,,15,2,1643.0,4.0,2.0,2.0,0.0,0.0
18052384730051881,2024-12-18T14:57:15+0000,"순식간에 4천만원 날린 사람... ㄷㄷ

자세한 내용은 댓글",33,0,,IMAGE,https://scontent-ams2-1.cdninstagram.com/v/t51.29350-15/470248354_2092967801133004_5461648098566285583_n.jpg?stp=dst-jpg_e35_tt6&_nc_cat=111&ccb=7-5&_nc_sid=18de74&efg=eyJlZmdfdGFnIjoiRkVFRC5iZXN0X2ltYWdlX3VybGdlbi5DMyJ9&_nc_ohc=qHoyAvf0jKsQ7kNvwHXwQRj&_nc_oc=AdkHNVcNgeggUX7QcGPZ5wQUQ5ipExVodaucVdnF0v2jPLyrrEToUfrwvt7a9gbSnjM&_nc_zt=23&_nc_ht=scontent-ams2-1.cdninstagram.com&edm=ACx9VUEEAAAA&_nc_gid=3EqhIyF-WSY53bcPdoxJug&oh=00_Afj2-lQdrRXAU0pt6eU8d3CI3_3Bu0pF_lT-8Mio4B43tQ&oe=6928A0B6,https://www.threads.com/@ye__bin04/post/DDuU-lvTJOL,ye__bin04,,14,2,223.0,0.0,1.0,0.0,0.0,0.0
18092573116504819,2024-12-18T14:54:35+0000,"가슴 큰거 하나도 안부러워진 계기....
평소 가슴이 작아서...
옷태 안난다고 생각하고 컴플렉스였는데
여름에 워터파크 가보고 생각 바뀜....
가슴 큰거 부러워만 했었는데...
탈의실 샤워실에서 보니까
가슴 큰 사람들 다...더 보기",131,0,,TEXT_POST,,https://www.threads.com/@ye__bin04/post/DDuUrDNzeMX,ye__bin04,,14,2,4369.0,0.0,1.0,0.0,0.0,0.0
17846537346356295,2024-12-18T14:50:41+0000,"1994년생 여자 평균연봉이래..
자세한 내용은 댓글",29,0,,IMAGE,https://scontent-ams2-1.cdninstagram.com/v/t51.29350-15/470438803_1104657897418007_7585175560850564866_n.jpg?stp=dst-jpg_e35_tt6&_nc_cat=102&ccb=7-5&_nc_sid=18de74&efg=eyJlZmdfdGFnIjoiRkVFRC5iZXN0X2ltYWdlX3VybGdlbi5DMyJ9&_nc_ohc=loEfK-z_mdwQ7kNvwHsK8ch&_nc_oc=Admky2JhEkasJHgm99HJ12Wk91uG2a4ZJ62-XALaQeVcUg12MdhNm-3uvLQv8y8eDPA&_nc_zt=23&_nc_ht=scontent-ams2-1.cdninstagram.com&edm=ACx9VUEEAAAA&_nc_gid=iKQoCnbOLBKyvGp65DEwww&oh=00_AfjmNhclK_jvNNPnlhM5x1n8TlArWBKf0yj5QdspL0eqfw&oe=69288CAD,https://www.threads.com/@ye__bin04/post/DDuUOhkzy2i,ye__bin04,,14,2,10289.0,3.0,1.0,0.0,0.0,0.0
18056125951933108,2024-12-18T14:48:05+0000,"50억 이상 복권 당첨자들이 제일 먼저 바꾼거래 어떻게 생각해??
자세한 내용은 댓글",47,0,,IMAGE,https://scontent-ams2-1.cdninstagram.com/v/t51.29350-15/470162825_1096316988859754_2511376758911453125_n.jpg?stp=dst-jpg_e35_tt6&_nc_cat=110&ccb=7-5&_nc_sid=18de74&efg=eyJlZmdfdGFnIjoiRkVFRC5iZXN0X2ltYWdlX3VybGdlbi5DMyJ9&_nc_ohc=vSPr5SvMbIsQ7kNvwE0j0pU&_nc_oc=AdmoagKV65fNk_1T7X6m1UjiWKvNL8v2vrWcMEXAA_tlrHk9Q2vkKgj8oaAREcByWOY&_nc_zt=23&_nc_ht=scontent-ams2-1.cdninstagram.com&edm=ACx9VUEEAAAA&_nc_gid=iKQoCnbOLBKyvGp65DEwww&oh=00_AfiBBMDLhC6PGzrzu_WMjR8UZXpczZ5LDH0kCtmOCR3kPw&oe=69289EFD,https://www.threads.com/@ye__bin04/post/DDuT7ZgT79M,ye__bin04,,14,2,153.0,2.0,1.0,0.0,0.0,0.0
18351144376133602,2024-12-18T03:06:39+0000,,0,0,,REPOST_FACADE,,https://www.threads.com/@ye__bin04/post/DDtDp85T_bn,ye__bin04,,3,2,,,,,,
18033093443582284,2024-12-18T03:06:21+0000,,0,0,,REPOST_FACADE,,https://www.threads.com/@ye__bin04/post/DDtDn2UT1Kc,ye__bin04,,3,2,,,,,,
18314036512167119,2024-12-18T03:06:10+0000,,0,0,,REPOST_FACADE,,https://www.threads.com/@ye__bin04/post/DDtDmhWzpDX,ye__bin04,,3,2,,,,,,
18099473203472005,2024-12-18T03:05:50+0000,,0,0,,REPOST_FACADE,,https://www.threads.com/@ye__bin04/post/DDtDkErTpF9,ye__bin04,,3,2,,,,,,
17929418018986863,2024-12-18T03:05:44+0000,,0,0,,REPOST_FACADE,,https://www.threads.com/@ye__bin04/post/DDtDjQmTht-,ye__bin04,,3,2,,,,,,
18023538314542028,2024-12-07T23:58:54+0000,,0,0,,REPOST_FACADE,,https://www.threads.com/@ye__bin04/post/DDS-OHSTeOr,ye__bin04,,23,5,,,,,,
17986661252615805,2024-12-07T23:22:44+0000,,0,0,,REPOST_FACADE,,https://www.threads.com/@ye__bin04/post/DDS6FNpTUuZ,ye__bin04,,23,5,,,,,,
18155021392329433,2024-12-07T23:19:48+0000,,0,0,,REPOST_FACADE,,https://www.threads.com/@ye__bin04/post/DDS5vuYz5m1,ye__bin04,,23,5,,,,,,
18138179863369900,2024-12-07T13:47:43+0000,,0,0,,REPOST_FACADE,,https://www.threads.com/@ye__bin04/post/DDR4RpwTCyv,ye__bin04,,13,5,,,,,,
18263327413269534,2024-12-06T14:13:02+0000,,0,0,,REPOST_FACADE,,https://www.threads.com/@ye__bin04/post/DDPWYMcTaFX,ye__bin04,,14,4,,,,,,
18274151482221328,2024-12-06T14:12:42+0000,,0,0,,REPOST_FACADE,,https://www.threads.com/@ye__bin04/post/DDPWVxQzVdn,ye__bin04,,14,4,,,,,,
18059620240842639,2024-12-06T14:12:23+0000,,0,0,,REPOST_FACADE,,https://www.threads.com/@ye__bin04/post/DDPWTcgTqke,ye__bin04,,14,4,,,,,,
18027988484209425,2024-11-27T02:59:17+0000,"틱톡 새로운 이벤트로 돈 퍼주네..
가입하고 출석하면 끝!",32,0,,IMAGE,https://scontent-ams2-1.cdninstagram.com/v/t51.29350-15/468499833_2708420019329973_2465574906179492143_n.jpg?stp=dst-jpg_e35_tt6&_nc_cat=103&ccb=7-5&_nc_sid=18de74&efg=eyJlZmdfdGFnIjoiRkVFRC5iZXN0X2ltYWdlX3VybGdlbi5DMyJ9&_nc_ohc=oW39MTkFg4kQ7kNvwHL2kU7&_nc_oc=Adlz7JnCznEjXxKz5WyGmQEj68c_BkaBTuq5N8F7-d_NLd8CT2bePQDnw1RNA8sWOrI&_nc_zt=23&_nc_ht=scontent-ams2-1.cdninstagram.com&edm=ACx9VUEEAAAA&_nc_gid=iKQoCnbOLBKyvGp65DEwww&oh=00_Afgw4c8UN94PXczeqIg3O1DGIqPX6Gy_GyjwSNXKufDK5Q&oe=69289305,https://www.threads.com/@ye__bin04/post/DC2-HrZzREY,ye__bin04,,2,2,168.0,0.0,1.0,0.0,0.0,0.0
17888557962107584,2024-11-23T22:30:36+0000,,0,0,,REPOST_FACADE,,https://www.threads.com/@ye__bin04/post/DCuw_KGzSZy,ye__bin04,,22,5,,,,,,
18084194260521814,2024-11-17T14:01:48+0000,인스타 모델 실물...jpg,15,0,,IMAGE,https://scontent-ams2-1.cdninstagram.com/v/t51.29350-15/466980491_1089960336463951_4030166343885567271_n.jpg?stp=dst-jpg_e35_tt6&_nc_cat=109&ccb=7-5&_nc_sid=18de74&efg=eyJlZmdfdGFnIjoiRkVFRC5iZXN0X2ltYWdlX3VybGdlbi5DMyJ9&_nc_ohc=NLUq0090zpQQ7kNvwGvSeaM&_nc_oc=Adkk0p8cCfAN-f8ovUahH90TyOijfsP2lHY3zEl6Q7j38-V37KVU02fbpLw4pWAFJr8&_nc_zt=23&_nc_ht=scontent-ams2-1.cdninstagram.com&edm=ACx9VUEEAAAA&_nc_gid=iKQoCnbOLBKyvGp65DEwww&oh=00_AfgB1UeGaF568L1VrbQO0yqx2bsGe87rwiUq5icbRnnnnQ&oe=6928A17B,https://www.threads.com/@ye__bin04/post/DCeZ_UAzrU7,ye__bin04,,14,6,742.0,3.0,1.0,1.0,0.0,0.0
18046802788891742,2024-11-17T13:59:12+0000,"예전에는 이런 문화가 있었다는데…
진짜..이거 아는 사람있니?
졸업식 때마다 했다는데…
왜 이렇게 한거야….대체 왜 그런거야…..
자세한 내용은 댓글",83,0,,IMAGE,https://scontent-ams2-1.cdninstagram.com/v/t51.29350-15/466580200_3777744339144521_7769335632698481455_n.jpg?stp=dst-jpg_e35_tt6&_nc_cat=104&ccb=7-5&_nc_sid=18de74&efg=eyJlZmdfdGFnIjoiRkVFRC5iZXN0X2ltYWdlX3VybGdlbi5DMyJ9&_nc_ohc=vdqNCEDYKToQ7kNvwF_iIE6&_nc_oc=AdlNc5tNVcQ3j-ckpoWS1Z_jvriO4oOzYR8bVDIN9goJZcE4PDTZCVIcTwRR9ZGy4j8&_nc_zt=23&_nc_ht=scontent-ams2-1.cdninstagram.com&edm=ACx9VUEEAAAA&_nc_gid=iKQoCnbOLBKyvGp65DEwww&oh=00_Afj3yTlaWZoN1Riobk1ephFYl0Vk7Y0gEMGsSPh0Dkx4SQ&oe=6928A14D,https://www.threads.com/@ye__bin04/post/DCeZsWVTtK6,ye__bin04,,13,6,186440.0,641.0,357.0,4.0,1.0,33.0
17864658606253313,2024-11-06T23:59:24+0000,,0,0,,REPOST_FACADE,,https://www.threads.com/@ye__bin04/post/DCDJoq-TWWh,ye__bin04,,23,2,,,,,,
18056314117881766,2024-11-06T23:56:30+0000,틱톡 지금도 돈 퍼준다..,14,0,,IMAGE,https://scontent-ams2-1.cdninstagram.com/v/t51.29350-15/465700620_2586634051725930_7666747701972518857_n.jpg?stp=dst-jpg_e35_tt6&_nc_cat=106&ccb=7-5&_nc_sid=18de74&efg=eyJlZmdfdGFnIjoiRkVFRC5iZXN0X2ltYWdlX3VybGdlbi5DMyJ9&_nc_ohc=EwJjR86-vzQQ7kNvwGuy0U1&_nc_oc=Adl5pATxOxBUU_URj1JVTU7auvbtnr_5sgJN1z9fEMyDNc45p4axtcPpumZGTtg-8gg&_nc_zt=23&_nc_ht=scontent-ams2-1.cdninstagram.com&edm=ACx9VUEEAAAA&_nc_gid=iKQoCnbOLBKyvGp65DEwww&oh=00_AfhgwfYH8oLQC_5LLPlLiUd52YzaH0d9ohTolOQS-hlZ5g&oe=69288719,https://www.threads.com/@ye__bin04/post/DCDJTZEzZYa,ye__bin04,,23,2,476.0,1.0,2.0,0.0,0.0,0.0
18040575124959324,2024-10-31T13:54:36+0000,,0,0,,REPOST_FACADE,,https://www.threads.com/@ye__bin04/post/DBynpuuT_Qk,ye__bin04,,13,3,,,,,,
17869830015226352,2024-10-31T13:54:23+0000,,0,0,,REPOST_FACADE,,https://www.threads.com/@ye__bin04/post/DBynoHJTcBp,ye__bin04,,13,3,,,,,,
17853733326314915,2024-10-31T13:54:15+0000,,0,0,,REPOST_FACADE,,https://www.threads.com/@ye__bin04/post/DBynnMxTdEo,ye__bin04,,13,3,,,,,,
17862044103202976,2024-10-30T12:58:35+0000,,0,0,,REPOST_FACADE,,https://www.threads.com/@ye__bin04/post/DBv8cm6T2Uu,ye__bin04,,12,2,,,,,,
18040759763278144,2024-10-30T12:58:19+0000,,0,0,,REPOST_FACADE,,https://www.threads.com/@ye__bin04/post/DBv8akoT7PK,ye__bin04,,12,2,,,,,,
17936059076931572,2024-10-30T12:58:13+0000,,0,0,,REPOST_FACADE,,https://www.threads.com/@ye__bin04/post/DBv8Z23zEQz,ye__bin04,,12,2,,,,,,
18103608652447751,2024-10-30T12:57:14+0000,,0,0,,REPOST_FACADE,,https://www.threads.com/@ye__bin04/post/DBv8So1T-eo,ye__bin04,,12,2,,,,,,
18355337050191476,2024-10-30T08:20:05+0000,,0,0,,REPOST_FACADE,,https://www.threads.com/@ye__bin04/post/DBvckvST6l_,ye__bin04,,8,2,,,,,,
18052422709932843,2024-10-30T08:19:57+0000,,0,0,,REPOST_FACADE,,https://www.threads.com/@ye__bin04/post/DBvcjx5TVLo,ye__bin04,,8,2,,,,,,
18004981853654965,2024-10-30T07:13:25+0000,,0,0,,REPOST_FACADE,,https://www.threads.com/@ye__bin04/post/DBvU8dlTb36,ye__bin04,,7,2,,,,,,
18029410673130425,2024-10-30T03:59:15+0000,,0,0,,REPOST_FACADE,,https://www.threads.com/@ye__bin04/post/DBu-ua2znGA,ye__bin04,,3,2,,,,,,
18042735911286803,2024-10-30T03:59:09+0000,,0,0,,REPOST_FACADE,,https://www.threads.com/@ye__bin04/post/DBu-tnmTAA_,ye__bin04,,3,2,,,,,,
18317233927091471,2024-10-30T00:11:03+0000,,0,0,,REPOST_FACADE,,https://www.threads.com/@ye__bin04/post/DBukm-zzkk_,ye__bin04,,0,2,,,,,,
18043931066142739,2024-10-29T23:35:32+0000,,0,0,,REPOST_FACADE,,https://www.threads.com/@ye__bin04/post/DBugi08zT5g,ye__bin04,,23,1,,,,,,
18023035802260637,2024-10-29T23:35:29+0000,,0,0,,REPOST_FACADE,,https://www.threads.com/@ye__bin04/post/DBugiifz6dI,ye__bin04,,23,1,,,,,,
17859305481221839,2024-10-29T23:35:26+0000,,0,0,,REPOST_FACADE,,https://www.threads.com/@ye__bin04/post/DBugiIQzA_j,ye__bin04,,23,1,,,,,,
18037266044193090,2024-10-29T23:07:01+0000,,0,0,,REPOST_FACADE,,https://www.threads.com/@ye__bin04/post/DBudSBFzoLd,ye__bin04,,23,1,,,,,,
18248585149272621,2024-10-29T23:06:42+0000,,0,0,,REPOST_FACADE,,https://www.threads.com/@ye__bin04/post/DBudPqQzcY_,ye__bin04,,23,1,,,,,,
18024352625395797,2024-10-29T23:06:24+0000,,0,0,,REPOST_FACADE,,https://www.threads.com/@ye__bin04/post/DBudNgRzKU7,ye__bin04,,23,1,,,,,,
18379088725110549,2024-10-29T23:06:11+0000,,0,0,,REPOST_FACADE,,https://www.threads.com/@ye__bin04/post/DBudL2Nzxq-,ye__bin04,,23,1,,,,,,
18083084308543714,2024-10-29T23:05:54+0000,,0,0,,REPOST_FACADE,,https://www.threads.com/@ye__bin04/post/DBudJxxTHU3,ye__bin04,,23,1,,,,,,
18020006396309332,2024-10-29T23:05:34+0000,,0,0,,REPOST_FACADE,,https://www.threads.com/@ye__bin04/post/DBudHWRzeFI,ye__bin04,,23,1,,,,,,
18077446441563533,2024-10-29T23:05:06+0000,,0,0,,REPOST_FACADE,,https://www.threads.com/@ye__bin04/post/DBudD7EzoO2,ye__bin04,,23,1,,,,,,
18244430581276301,2024-10-29T23:04:43+0000,,0,0,,REPOST_FACADE,,https://www.threads.com/@ye__bin04/post/DBudBLmTsup,ye__bin04,,23,1,,,,,,
18040059302160194,2024-10-29T15:21:57+0000,,0,0,,REPOST_FACADE,,https://www.threads.com/@ye__bin04/post/DBtoDwdz7d5,ye__bin04,,15,1,,,,,,
18042599911912031,2024-10-29T15:13:21+0000,,0,0,,REPOST_FACADE,,https://www.threads.com/@ye__bin04/post/DBtnExDz18a,ye__bin04,,15,1,,,,,,
18044202905039197,2024-10-29T15:06:53+0000,,0,0,,REPOST_FACADE,,https://www.threads.com/@ye__bin04/post/DBtmVZHzZJs,ye__bin04,,15,1,,,,,,
18243713473263952,2024-10-29T15:06:53+0000,,0,0,,REPOST_FACADE,,https://www.threads.com/@ye__bin04/post/DBtmVYLzSJk,ye__bin04,,15,1,,,,,,
18046061429067790,2024-10-29T15:06:51+0000,,0,0,,REPOST_FACADE,,https://www.threads.com/@ye__bin04/post/DBtmVIrTW1B,ye__bin04,,15,1,,,,,,
18011429903432760,2024-10-29T15:06:30+0000,,0,0,,REPOST_FACADE,,https://www.threads.com/@ye__bin04/post/DBtmSnWzcKh,ye__bin04,,15,1,,,,,,
18109581235426547,2024-10-29T15:06:28+0000,,0,0,,REPOST_FACADE,,https://www.threads.com/@ye__bin04/post/DBtmSTNTs8T,ye__bin04,,15,1,,,,,,
18049322302822943,2024-10-29T14:33:08+0000,,0,0,,REPOST_FACADE,,https://www.threads.com/@ye__bin04/post/DBtieOtTnlE,ye__bin04,,14,1,,,,,,
18107713996430084,2024-10-29T14:24:30+0000,,0,0,,REPOST_FACADE,,https://www.threads.com/@ye__bin04/post/DBthe9xzmvH,ye__bin04,,14,1,,,,,,
18037771610001898,2024-10-29T14:24:22+0000,,0,0,,REPOST_FACADE,,https://www.threads.com/@ye__bin04/post/DBthd8hTOnk,ye__bin04,,14,1,,,,,,
17912089769994579,2024-10-29T14:24:10+0000,,0,0,,REPOST_FACADE,,https://www.threads.com/@ye__bin04/post/DBthciAz2ex,ye__bin04,,14,1,,,,,,
17900126229063552,2024-10-29T14:24:01+0000,,0,0,,REPOST_FACADE,,https://www.threads.com/@ye__bin04/post/DBthbYoT7K7,ye__bin04,,14,1,,,,,,
18025010435212213,2024-10-29T14:23:52+0000,,0,0,,REPOST_FACADE,,https://www.threads.com/@ye__bin04/post/DBthaWszJXW,ye__bin04,,14,1,,,,,,
18033395810340273,2024-10-29T14:23:45+0000,,0,0,,REPOST_FACADE,,https://www.threads.com/@ye__bin04/post/DBthZfjzjI2,ye__bin04,,14,1,,,,,,
18284992594239760,2024-10-29T14:23:31+0000,,0,0,,REPOST_FACADE,,https://www.threads.com/@ye__bin04/post/DBthXv5T1A0,ye__bin04,,14,1,,,,,,
18040270766275062,2024-10-29T14:21:38+0000,,0,0,,REPOST_FACADE,,https://www.threads.com/@ye__bin04/post/DBthJ7DT8vm,ye__bin04,,14,1,,,,,,
18075999868516243,2024-10-29T14:20:52+0000,틱톡 라이트 앱에 가입하면 별을 채우고 보상을 받을 수 있어요! https://lite.tiktok.com/t/ZSjFGWxwm/,72,0,,TEXT_POST,,https://www.threads.com/@ye__bin04/post/DBthEX4zBgr,ye__bin04,,14,1,500.0,6.0,4.0,5.0,0.0,0.0
18028108922159829,2024-10-29T14:19:47+0000,"💕하트만 스쳐도 스팔 ㄱㄱ
내가 뒷삭 당해도 난 뒷삭 안해 🤙
스하리 계속 하니까 활동 제한 걸리는데..
제한 걸려서 못할때까지 무한 스팔 간다!
#1000명프로젝트",92,1,#1000명프로젝트,TEXT_POST,,https://www.threads.com/@ye__bin04/post/DBtg8erzOQ_,ye__bin04,#1000명프로젝트,14,1,598.0,67.0,15.0,15.0,0.0,0.0
18019983137553910,2024-10-29T14:18:01+0000,,0,0,,REPOST_FACADE,,https://www.threads.com/@ye__bin04/post/DBtgvfSTPtz,ye__bin04,,14,1,,,,,,
18101183065458514,2024-10-29T14:17:24+0000,잘생긴 남자가 길에서 번호 물어보면 어떻게 할꺼야?,28,0,,IMAGE,https://scontent-ams2-1.cdninstagram.com/v/t51.29350-15/464892355_939900594701291_9042700110232549615_n.webp?stp=dst-jpg_e35_tt6&_nc_cat=102&ccb=7-5&_nc_sid=18de74&efg=eyJlZmdfdGFnIjoiRkVFRC5iZXN0X2ltYWdlX3VybGdlbi5DMyJ9&_nc_ohc=gps0JPE6KI0Q7kNvwEfEZWw&_nc_oc=AdnC1rA94Glkteg_Gh0D88UzoxbWwjU7UtObmdKENWPw_52uaCKoLHLdAFeYb5NYlVk&_nc_zt=23&_nc_ht=scontent-ams2-1.cdninstagram.com&edm=ACx9VUEEAAAA&_nc_gid=a6tBaGshHwNxU0SuA3qIiA&oh=00_Afg5Y4k3GnE_axOS3xJldtJ52kqqVJm2-hXuwACXDE_YAw&oe=69289757,https://www.threads.com/@ye__bin04/post/DBtgq6uT_Pd,ye__bin04,,14,1,1841.0,3.0,3.0,1.0,0.0,0.0
18151345369336669,2024-10-29T14:15:31+0000,,0,0,,REPOST_FACADE,,https://www.threads.com/@ye__bin04/post/DBtgdMETX6-,ye__bin04,,14,1,,,,,,
17903967540059677,2024-10-29T14:15:28+0000,,0,0,,REPOST_FACADE,,https://www.threads.com/@ye__bin04/post/DBtgc2_z5RG,ye__bin04,,14,1,,,,,,
18086654308512646,2024-10-29T14:15:16+0000,지하철 2호선 앉아서 갈 수 있는 꿀팁이래..,25,0,,TEXT_POST,,https://www.threads.com/@ye__bin04/post/DBtgbYWzHq7,ye__bin04,,14,1,3046.0,0.0,1.0,0.0,0.0,0.0
18047545163065613,2024-10-29T14:12:36+0000,틱톡 또 돈 퍼주네..,12,0,,IMAGE,https://scontent-ams2-1.cdninstagram.com/v/t51.29350-15/464753938_1617501335560507_4030662455146059260_n.jpg?stp=dst-jpg_e35_tt6&_nc_cat=109&ccb=7-5&_nc_sid=18de74&efg=eyJlZmdfdGFnIjoiRkVFRC5iZXN0X2ltYWdlX3VybGdlbi5DMyJ9&_nc_ohc=LbCkLuf-SRYQ7kNvwFmJ6IK&_nc_oc=Adm1rWsFH_bnJnhDn8Zpd1VVk3c3EYzgtiNFSRtsV5eEjio2fqaKwWS2Ug0uJV3Fdhw&_nc_zt=23&_nc_ht=scontent-ams2-1.cdninstagram.com&edm=ACx9VUEEAAAA&_nc_gid=a6tBaGshHwNxU0SuA3qIiA&oh=00_AfibD3HyjdOFM-CTVb_C9sfaQticyBLOEwpDqbaEx_9QSA&oe=69288E8B,https://www.threads.com/@ye__bin04/post/DBtgHzzzE6J,ye__bin04,,14,1,317.0,6.0,5.0,2.0,0.0,0.0
18035988671261452,2024-10-29T14:10:03+0000,,0,0,,REPOST_FACADE,,https://www.threads.com/@ye__bin04/post/DBtf1Maz-lP,ye__bin04,,14,1,,,,,,
18060362704769383,2024-10-29T01:13:29+0000,,0,0,,REPOST_FACADE,,https://www.threads.com/@ye__bin04/post/DBsG9cNTdnI,ye__bin04,,1,1,,,,,,
18008787761475266,2024-10-29T00:46:25+0000,,0,0,,REPOST_FACADE,,https://www.threads.com/@ye__bin04/post/DBsD3IezRjM,ye__bin04,,0,1,,,,,,
18081322327542253,2024-10-29T00:42:27+0000,,0,0,,REPOST_FACADE,,https://www.threads.com/@ye__bin04/post/DBsDaJqzMhq,ye__bin04,,0,1,,,,,,
18042121054921436,2024-10-28T15:31:03+0000,,0,0,,REPOST_FACADE,,https://www.threads.com/@ye__bin04/post/DBrETfJTxjm,ye__bin04,,15,0,,,,,,
17999303690695976,2024-10-28T13:10:47+0000,,0,0,,REPOST_FACADE,,https://www.threads.com/@ye__bin04/post/DBq0QKKTq-n,ye__bin04,,13,0,,,,,,
18039942511977803,2024-10-28T12:49:05+0000,,0,0,,REPOST_FACADE,,https://www.threads.com/@ye__bin04/post/DBqxxNjTRkb,ye__bin04,,12,0,,,,,,
18080367838485408,2024-10-28T12:42:19+0000,,0,0,,REPOST_FACADE,,https://www.threads.com/@ye__bin04/post/DBqw_puTE1K,ye__bin04,,12,0,,,,,,
18035973749332572,2024-10-28T10:25:11+0000,,0,0,,REPOST_FACADE,,https://www.threads.com/@ye__bin04/post/DBqhTTyTyoL,ye__bin04,,10,0,,,,,,
18141728224355283,2024-10-28T10:23:53+0000,,0,0,,REPOST_FACADE,,https://www.threads.com/@ye__bin04/post/DBqhJz9TtZ2,ye__bin04,,10,0,,,,,,
18076676797504261,2024-10-28T10:23:46+0000,,0,0,,REPOST_FACADE,,https://www.threads.com/@ye__bin04/post/DBqhI8-z0YB,ye__bin04,,10,0,,,,,,
18258913687266239,2024-10-28T10:23:38+0000,,0,0,,REPOST_FACADE,,https://www.threads.com/@ye__bin04/post/DBqhH_ZTshl,ye__bin04,,10,0,,,,,,
18118525930392425,2024-10-28T10:23:19+0000,,0,0,,REPOST_FACADE,,https://www.threads.com/@ye__bin04/post/DBqhFl6TxqF,ye__bin04,,10,0,,,,,,
17997793913524298,2024-10-28T10:23:04+0000,,0,0,,REPOST_FACADE,,https://www.threads.com/@ye__bin04/post/DBqhD0xTlrd,ye__bin04,,10,0,,,,,,
18073533742594395,2024-10-28T10:22:32+0000,,0,0,,REPOST_FACADE,,https://www.threads.com/@ye__bin04/post/DBqg_3WziWx,ye__bin04,,10,0,,,,,,
18109303777383736,2024-10-28T08:04:31+0000,,0,0,,REPOST_FACADE,,https://www.threads.com/@ye__bin04/post/DBqRM-GzWwi,ye__bin04,,8,0,,,,,,
18168537970312980,2024-10-28T07:23:10+0000,,0,0,,REPOST_FACADE,,https://www.threads.com/@ye__bin04/post/DBqMeLkz1_W,ye__bin04,,7,0,,,,,,
18075779479605533,2024-10-28T07:22:08+0000,,0,0,,REPOST_FACADE,,https://www.threads.com/@ye__bin04/post/DBqMWneT6Vu,ye__bin04,,7,0,,,,,,
17849315466325492,2024-10-28T07:21:55+0000,,0,0,,REPOST_FACADE,,https://www.threads.com/@ye__bin04/post/DBqMU_lzAZz,ye__bin04,,7,0,,,,,,
17885710242131979,2024-10-28T07:21:46+0000,,0,0,,REPOST_FACADE,,https://www.threads.com/@ye__bin04/post/DBqMT8LTJbc,ye__bin04,,7,0,,,,,,
18037599575184526,2024-10-28T07:21:40+0000,,0,0,,REPOST_FACADE,,https://www.threads.com/@ye__bin04/post/DBqMTO1z92h,ye__bin04,,7,0,,,,,,
18045698420048637,2024-10-28T07:21:25+0000,,0,0,,REPOST_FACADE,,https://www.threads.com/@ye__bin04/post/DBqMRW6zL3D,ye__bin04,,7,0,,,,,,
18045904697297057,2024-10-28T07:21:00+0000,,0,0,,REPOST_FACADE,,https://www.threads.com/@ye__bin04/post/DBqMOQ8TaXV,ye__bin04,,7,0,,,,,,
18328328521196358,2024-10-28T07:20:55+0000,,0,0,,REPOST_FACADE,,https://www.threads.com/@ye__bin04/post/DBqMNqiTvOR,ye__bin04,,7,0,,,,,,
17940942878792757,2024-10-28T07:20:48+0000,,0,0,,REPOST_FACADE,,https://www.threads.com/@ye__bin04/post/DBqMMx0TWuj,ye__bin04,,7,0,,,,,,
18046084802081917,2024-10-28T07:20:39+0000,,0,0,,REPOST_FACADE,,https://www.threads.com/@ye__bin04/post/DBqMLxuTh0R,ye__bin04,,7,0,,,,,,
17923596362978757,2024-10-28T07:20:34+0000,,0,0,,REPOST_FACADE,,https://www.threads.com/@ye__bin04/post/DBqMLEWzFaz,ye__bin04,,7,0,,,,,,
18027372023163074,2024-10-28T07:20:26+0000,,0,0,,REPOST_FACADE,,https://www.threads.com/@ye__bin04/post/DBqMKJ_THsB,ye__bin04,,7,0,,,,,,
18064958239599694,2024-10-28T07:20:17+0000,,0,0,,REPOST_FACADE,,https://www.threads.com/@ye__bin04/post/DBqMJAdzzSv,ye__bin04,,7,0,,,,,,
18053299504820023,2024-10-28T07:20:06+0000,,0,0,,REPOST_FACADE,,https://www.threads.com/@ye__bin04/post/DBqMHviTsfn,ye__bin04,,7,0,,,,,,
17950581602750806,2024-10-28T07:19:54+0000,,0,0,,REPOST_FACADE,,https://www.threads.com/@ye__bin04/post/DBqMGR5zAur,ye__bin04,,7,0,,,,,,
18465837454046886,2024-10-28T07:19:48+0000,,0,0,,REPOST_FACADE,,https://www.threads.com/@ye__bin04/post/DBqMFd0TIf_,ye__bin04,,7,0,,,,,,
18024389882241601,2024-10-28T04:27:48+0000,,0,0,,REPOST_FACADE,,https://www.threads.com/@ye__bin04/post/DBp4Zvyz-rv,ye__bin04,,4,0,,,,,,
18024612419229571,2024-10-28T04:27:39+0000,,0,0,,REPOST_FACADE,,https://www.threads.com/@ye__bin04/post/DBp4YolzVZk,ye__bin04,,4,0,,,,,,
18044422205317794,2024-10-28T04:27:34+0000,,0,0,,REPOST_FACADE,,https://www.threads.com/@ye__bin04/post/DBp4YDeTEZK,ye__bin04,,4,0,,,,,,
18031809023093076,2024-10-28T04:27:10+0000,,0,0,,REPOST_FACADE,,https://www.threads.com/@ye__bin04/post/DBp4VEDzPkN,ye__bin04,,4,0,,,,,,
18055259224727425,2024-10-28T04:27:04+0000,,0,0,,REPOST_FACADE,,https://www.threads.com/@ye__bin04/post/DBp4UZ2Tu4n,ye__bin04,,4,0,,,,,,
17974917338785931,2024-10-28T02:05:07+0000,,0,0,,REPOST_FACADE,,https://www.threads.com/@ye__bin04/post/DBpoEtpziDJ,ye__bin04,,2,0,,,,,,
18065855839634958,2024-10-28T02:04:46+0000,,0,0,,REPOST_FACADE,,https://www.threads.com/@ye__bin04/post/DBpoCFwT1g-,ye__bin04,,2,0,,,,,,
18045630922876202,2024-10-28T02:04:03+0000,,0,0,,REPOST_FACADE,,https://www.threads.com/@ye__bin04/post/DBpn82ezQr1,ye__bin04,,2,0,,,,,,
17858818458274981,2024-10-28T02:03:41+0000,,0,0,,REPOST_FACADE,,https://www.threads.com/@ye__bin04/post/DBpn6IyzuOE,ye__bin04,,2,0,,,,,,
18027950636162125,2024-10-28T02:03:28+0000,,0,0,,REPOST_FACADE,,https://www.threads.com/@ye__bin04/post/DBpn4jszV_s,ye__bin04,,2,0,,,,,,
18142031131348152,2024-10-28T01:46:05+0000,,0,0,,REPOST_FACADE,,https://www.threads.com/@ye__bin04/post/DBpl5TcTlmg,ye__bin04,,1,0,,,,,,
18050010772936087,2024-10-28T01:45:59+0000,,0,0,,REPOST_FACADE,,https://www.threads.com/@ye__bin04/post/DBpl4nITB3j,ye__bin04,,1,0,,,,,,
17962306070696923,2024-10-28T01:45:46+0000,,0,0,,REPOST_FACADE,,https://www.threads.com/@ye__bin04/post/DBpl2-eTGu2,ye__bin04,,1,0,,,,,,
17943567443912770,2024-10-28T01:45:46+0000,,0,0,,REPOST_FACADE,,https://www.threads.com/@ye__bin04/post/DBpl3BgzHnW,ye__bin04,,1,0,,,,,,
17874181464193451,2024-10-28T01:45:40+0000,,0,0,,REPOST_FACADE,,https://www.threads.com/@ye__bin04/post/DBpl2RZT0xl,ye__bin04,,1,0,,,,,,
17845104564325679,2024-10-28T01:19:39+0000,,0,0,,REPOST_FACADE,,https://www.threads.com/@ye__bin04/post/DBpi3pZzEIM,ye__bin04,,1,0,,,,,,
18065361397657989,2024-10-28T01:06:03+0000,,0,0,,REPOST_FACADE,,https://www.threads.com/@ye__bin04/post/DBphUHzzmnE,ye__bin04,,1,0,,,,,,
17863356240251839,2024-10-28T01:05:54+0000,,0,0,,REPOST_FACADE,,https://www.threads.com/@ye__bin04/post/DBphS8hz3xX,ye__bin04,,1,0,,,,,,
18036854783014022,2024-10-28T01:05:43+0000,,0,0,,REPOST_FACADE,,https://www.threads.com/@ye__bin04/post/DBphRpwzmGF,ye__bin04,,1,0,,,,,,
18046873625061809,2024-10-28T00:45:45+0000,,0,0,,REPOST_FACADE,,https://www.threads.com/@ye__bin04/post/DBpe_XeTINc,ye__bin04,,0,0,,,,,,
18029350829126895,2024-10-28T00:44:23+0000,,0,0,,REPOST_FACADE,,https://www.threads.com/@ye__bin04/post/DBpe1ZDzjsp,ye__bin04,,0,0,,,,,,
18072672250615285,2024-10-28T00:38:22+0000,"틱톡 갑자기 돈 퍼준다..
이건 기회다..",23,0,,IMAGE,https://scontent-ams2-1.cdninstagram.com/v/t51.29350-15/464594547_586116060501794_7954520528525724802_n.jpg?stp=dst-jpg_e35_tt6&_nc_cat=101&ccb=7-5&_nc_sid=18de74&efg=eyJlZmdfdGFnIjoiRkVFRC5iZXN0X2ltYWdlX3VybGdlbi5DMyJ9&_nc_ohc=t-tLnplmaCsQ7kNvwH3bzNg&_nc_oc=AdmGZd1seesXNyX0t1GBhUulfDnUrwcMjXhFODuSVlluAgyyr4iTTeQAQGgiDL_ZFVk&_nc_zt=23&_nc_ht=scontent-ams2-1.cdninstagram.com&edm=ACx9VUEEAAAA&_nc_gid=FIrF2lOGuIgtFdzg6ZpR8A&oh=00_AfhU9jpBZGtPZZBD773ja5zPBtEVbMAuZuPvJA7Uus4CqA&oe=6928792D,https://www.threads.com/@ye__bin04/post/DBpeJRNT6jm,ye__bin04,,0,0,890.0,8.0,6.0,1.0,0.0,0.0
18462857032028262,2024-10-28T00:36:02+0000,"💕하트만 스쳐도 스팔 ㄱㄱ
내가 뒷삭 당해도 난 뒷삭 안해 🤙

1000명 프로젝트",46,0,,TEXT_POST,,https://www.threads.com/@ye__bin04/post/DBpd4Saz35N,ye__bin04,1000명 프로젝트,0,0,2196.0,200.0,29.0,29.0,0.0,0.0
18203697784289461,2024-10-26T00:34:06+0000,,0,0,,REPOST_FACADE,,https://www.threads.com/@ye__bin04/post/DBkUEUPzSIG,ye__bin04,,0,5,,,,,,
18007872869482494,2024-10-24T13:52:03+0000,,0,0,,REPOST_FACADE,,https://www.threads.com/@ye__bin04/post/DBgly42TvQS,ye__bin04,,13,3,,,,,,
18039784852963668,2024-10-24T05:17:18+0000,,0,0,,REPOST_FACADE,,https://www.threads.com/@ye__bin04/post/DBfq40Hzmwy,ye__bin04,,5,3,,,,,,
17914633170006223,2024-10-23T21:28:33+0000,,0,0,,REPOST_FACADE,,https://www.threads.com/@ye__bin04/post/DBe1Pf_T2nn,ye__bin04,,21,2,,,,,,
18039022052165054,2024-10-23T14:10:33+0000,,0,0,,REPOST_FACADE,,https://www.threads.com/@ye__bin04/post/DBeDHh_zcTM,ye__bin04,,14,2,,,,,,
17968457435799803,2024-10-23T07:41:17+0000,,0,0,,REPOST_FACADE,,https://www.threads.com/@ye__bin04/post/DBdWkfnTZ6b,ye__bin04,,7,2,,,,,,
18044294537095863,2024-10-23T04:35:40+0000,,0,0,,REPOST_FACADE,,https://www.threads.com/@ye__bin04/post/DBdBU-Ezz2S,ye__bin04,,4,2,,,,,,
17844603972328194,2024-10-23T04:35:36+0000,,0,0,,REPOST_FACADE,,https://www.threads.com/@ye__bin04/post/DBdBUcPTtc0,ye__bin04,,4,2,,,,,,
18050851663763721,2024-10-23T03:34:21+0000,,0,0,,REPOST_FACADE,,https://www.threads.com/@ye__bin04/post/DBc6T8Gz0sK,ye__bin04,,3,2,,,,,,
18120617755403225,2024-10-22T15:05:14+0000,,0,0,,REPOST_FACADE,,https://www.threads.com/@ye__bin04/post/DBbklJCz3H2,ye__bin04,,15,1,,,,,,
18023527907214461,2024-10-22T15:04:58+0000,,0,0,,REPOST_FACADE,,https://www.threads.com/@ye__bin04/post/DBbkjS3zPjb,ye__bin04,,15,1,,,,,,
18065427727723467,2024-10-22T15:04:48+0000,,0,0,,REPOST_FACADE,,https://www.threads.com/@ye__bin04/post/DBbkh-vTAkZ,ye__bin04,,15,1,,,,,,
17852012109302679,2024-10-22T14:33:56+0000,,0,0,,REPOST_FACADE,,https://www.threads.com/@ye__bin04/post/DBbg_-TzTLL,ye__bin04,,14,1,,,,,,
18314795329090353,2024-10-22T14:30:19+0000,,0,0,,REPOST_FACADE,,https://www.threads.com/@ye__bin04/post/DBbglbNzT_3,ye__bin04,,14,1,,,,,,
17861997945255633,2024-10-22T14:29:53+0000,,0,0,,REPOST_FACADE,,https://www.threads.com/@ye__bin04/post/DBbgiVnTgOb,ye__bin04,,14,1,,,,,,
17991308051711722,2024-10-22T14:29:37+0000,,0,0,,REPOST_FACADE,,https://www.threads.com/@ye__bin04/post/DBbggTOTmlA,ye__bin04,,14,1,,,,,,
17944412456883684,2024-10-22T14:28:34+0000,,0,0,,REPOST_FACADE,,https://www.threads.com/@ye__bin04/post/DBbgYrJTZWD,ye__bin04,,14,1,,,,,,
18074587045522730,2024-10-22T14:28:03+0000,,0,0,,REPOST_FACADE,,https://www.threads.com/@ye__bin04/post/DBbgU5kzHk4,ye__bin04,,14,1,,,,,,
17936406995796874,2024-10-22T14:25:11+0000,,0,0,,REPOST_FACADE,,https://www.threads.com/@ye__bin04/post/DBbf_3IzFPX,ye__bin04,,14,1,,,,,,
18265441933247553,2024-10-22T14:25:02+0000,,0,0,,REPOST_FACADE,,https://www.threads.com/@ye__bin04/post/DBbf-tfzg3u,ye__bin04,,14,1,,,,,,
18087317758503083,2024-10-22T14:24:55+0000,,0,0,,REPOST_FACADE,,https://www.threads.com/@ye__bin04/post/DBbf93Rz0qj,ye__bin04,,14,1,,,,,,
18136994287364244,2024-10-22T11:20:55+0000,,0,0,,REPOST_FACADE,,https://www.threads.com/@ye__bin04/post/DBbK6RgTvGJ,ye__bin04,,11,1,,,,,,
18039700856512353,2024-10-22T11:20:25+0000,,0,0,,REPOST_FACADE,,https://www.threads.com/@ye__bin04/post/DBbK2nXTpSl,ye__bin04,,11,1,,,,,,
18039675548274673,2024-10-22T11:20:18+0000,,0,0,,REPOST_FACADE,,https://www.threads.com/@ye__bin04/post/DBbK1r2zQ51,ye__bin04,,11,1,,,,,,
17886419472124555,2024-10-22T11:20:09+0000,,0,0,,REPOST_FACADE,,https://www.threads.com/@ye__bin04/post/DBbK0rtTUC0,ye__bin04,,11,1,,,,,,
17889790722038780,2024-10-22T11:19:43+0000,,0,0,,REPOST_FACADE,,https://www.threads.com/@ye__bin04/post/DBbKxfnTbhP,ye__bin04,,11,1,,,,,,
18055299898846639,2024-10-22T09:49:29+0000,,0,0,,REPOST_FACADE,,https://www.threads.com/@ye__bin04/post/DBbAcjzzx7r,ye__bin04,,9,1,,,,,,
18040929688925949,2024-10-22T09:42:20+0000,,0,0,,REPOST_FACADE,,https://www.threads.com/@ye__bin04/post/DBa_oOlNvHD,ye__bin04,,9,1,,,,,,
17882190987114850,2024-10-22T09:35:59+0000,,0,0,,REPOST_FACADE,,https://www.threads.com/@ye__bin04/post/DBa-5ugzvTt,ye__bin04,,9,1,,,,,,
18017223755624312,2024-10-22T09:35:32+0000,,0,0,,REPOST_FACADE,,https://www.threads.com/@ye__bin04/post/DBa-2a_z_19,ye__bin04,,9,1,,,,,,
18005202557665508,2024-10-22T09:35:22+0000,,0,0,,REPOST_FACADE,,https://www.threads.com/@ye__bin04/post/DBa-1IJz1VA,ye__bin04,,9,1,,,,,,
18066279226631133,2024-10-22T09:35:02+0000,,0,0,,REPOST_FACADE,,https://www.threads.com/@ye__bin04/post/DBa-yw_zYNE,ye__bin04,,9,1,,,,,,
18315599650090814,2024-10-22T09:26:06+0000,,0,0,,REPOST_FACADE,,https://www.threads.com/@ye__bin04/post/DBa9xUxTdrw,ye__bin04,,9,1,,,,,,
17945522597896969,2024-10-22T09:25:25+0000,,0,0,,REPOST_FACADE,,https://www.threads.com/@ye__bin04/post/DBa9sSrTf4W,ye__bin04,,9,1,,,,,,
18461677123019522,2024-10-22T09:25:14+0000,,0,0,,REPOST_FACADE,,https://www.threads.com/@ye__bin04/post/DBa9rAJzMO_,ye__bin04,,9,1,,,,,,
17875742343189524,2024-10-22T09:20:28+0000,,0,0,,REPOST_FACADE,,https://www.threads.com/@ye__bin04/post/DBa9IEyTSVt,ye__bin04,,9,1,,,,,,
18048033913960468,2024-10-22T09:12:48+0000,,0,0,,REPOST_FACADE,,https://www.threads.com/@ye__bin04/post/DBa8P8PTvCq,ye__bin04,,9,1,,,,,,
18255522541254578,2024-10-22T09:09:09+0000,,0,0,,REPOST_FACADE,,https://www.threads.com/@ye__bin04/post/DBa71I6z1Rc,ye__bin04,,9,1,,,,,,
18050077762791188,2024-10-22T09:06:36+0000,,0,0,,REPOST_FACADE,,https://www.threads.com/@ye__bin04/post/DBa7iblzuFq,ye__bin04,,9,1,,,,,,
18024465395199664,2024-10-22T09:01:10+0000,,0,0,,REPOST_FACADE,,https://www.threads.com/@ye__bin04/post/DBa66ottKw2,ye__bin04,,9,1,,,,,,
18317973730085523,2024-10-22T08:56:51+0000,,0,0,,REPOST_FACADE,,https://www.threads.com/@ye__bin04/post/DBa6bE5Nc5-,ye__bin04,,8,1,,,,,,
18039719894276238,2024-10-22T08:55:49+0000,,0,0,,REPOST_FACADE,,https://www.threads.com/@ye__bin04/post/DBa6TidtevI,ye__bin04,,8,1,,,,,,
18055681822856659,2024-10-22T08:55:20+0000,,0,0,,REPOST_FACADE,,https://www.threads.com/@ye__bin04/post/DBa6P7utE71,ye__bin04,,8,1,,,,,,
18044227283041319,2024-10-22T08:54:52+0000,"연일 계약설 돌던 손흥민, 바르셀로나 계약 싸인 근황에 모두가 축하했다.
본문은 아래 댓글 링크👇👇",55,0,,IMAGE,https://scontent-ams2-1.cdninstagram.com/v/t51.29350-15/463959470_1079151580547453_3387611906048410843_n.jpg?stp=dst-jpg_e35_tt6&_nc_cat=108&ccb=7-5&_nc_sid=18de74&efg=eyJlZmdfdGFnIjoiRkVFRC5iZXN0X2ltYWdlX3VybGdlbi5DMyJ9&_nc_ohc=6_iTLZ-mDwQQ7kNvwGtZsJm&_nc_oc=AdnPb2jwH0feGiR7u2u97syuM5ZQBWYjQnVTlvDucQjgORJCtWxx1v_jy5AdQAcASeA&_nc_zt=23&_nc_ht=scontent-ams2-1.cdninstagram.com&edm=ACx9VUEEAAAA&_nc_gid=6CcIhKF4hwd4Spc4vYR2Ew&oh=00_Afhni8rKkbIfmY6CHfm_KqhTBqxuhyysbPSzGUWjUjzSMQ&oe=692892BE,https://www.threads.com/@ye__bin04/post/DBa6MjFT7lO,ye__bin04,,8,1,1001.0,8.0,2.0,2.0,0.0,0.0
18047433937956093,2024-10-22T08:54:36+0000,,0,0,,REPOST_FACADE,,https://www.threads.com/@ye__bin04/post/DBa6KoGtiIc,ye__bin04,,8,1,,,,,,
17861306886202170,2024-10-22T08:54:22+0000,,0,0,,REPOST_FACADE,,https://www.threads.com/@ye__bin04/post/DBa6I2YtNm9,ye__bin04,,8,1,,,,,,
18066476143634734,2024-10-22T08:51:29+0000,,0,0,,REPOST_FACADE,,https://www.threads.com/@ye__bin04/post/DBa5zvIN4AH,ye__bin04,,8,1,,,,,,
18047977873825286,2024-10-22T08:51:17+0000,,0,0,,REPOST_FACADE,,https://www.threads.com/@ye__bin04/post/DBa5yPktwTo,ye__bin04,,8,1,,,,,,
18051118204762152,2024-10-22T08:50:49+0000,,0,0,,REPOST_FACADE,,https://www.threads.com/@ye__bin04/post/DBa5u5qNrKr,ye__bin04,,8,1,,,,,,
17917869455905700,2024-10-22T08:49:07+0000,,0,0,,REPOST_FACADE,,https://www.threads.com/@ye__bin04/post/DBa5idgt8gQ,ye__bin04,,8,1,,,,,,
18035767964213989,2024-10-22T08:48:45+0000,,0,0,,REPOST_FACADE,,https://www.threads.com/@ye__bin04/post/DBa5fyCtX8m,ye__bin04,,8,1,,,,,,
17937326597923828,2024-10-22T08:48:38+0000,,0,0,,REPOST_FACADE,,https://www.threads.com/@ye__bin04/post/DBa5e6SNxEH,ye__bin04,,8,1,,,,,,
18079813336537189,2024-10-22T08:47:33+0000,의외로 사람들이 잘 모르는 판다 크기,20,0,,IMAGE,https://scontent-ams2-1.cdninstagram.com/v/t51.29350-15/464088968_1102180331427484_2885887333798528014_n.jpg?stp=dst-jpg_e35_tt6&_nc_cat=111&ccb=7-5&_nc_sid=18de74&efg=eyJlZmdfdGFnIjoiRkVFRC5iZXN0X2ltYWdlX3VybGdlbi5DMyJ9&_nc_ohc=1YZS77kx-88Q7kNvwE7A85k&_nc_oc=AdnerKB9tWWy5UznOU1lqLA887N3DNHBRoisWpwYa8vpUJbud4QdQ03DHBe-LMqM4EM&_nc_zt=23&_nc_ht=scontent-ams2-1.cdninstagram.com&edm=ACx9VUEEAAAA&_nc_gid=6CcIhKF4hwd4Spc4vYR2Ew&oh=00_AfgS4ExbL6zt5hk1w6pgphKtHCy8QipbNHbchzsuPBJdxQ&oe=69288CC3,https://www.threads.com/@ye__bin04/post/DBa5W6KTQMA,ye__bin04,,8,1,327.0,25.0,1.0,1.0,1.0,0.0
18180249097307681,2024-10-22T08:46:07+0000,유행 절대 안타는 국민 운동화래 어때??,22,0,,IMAGE,https://scontent-ams2-1.cdninstagram.com/v/t51.29350-15/463949582_1949926365474955_8010768793349914987_n.jpg?stp=dst-jpg_e35_tt6&_nc_cat=108&ccb=7-5&_nc_sid=18de74&efg=eyJlZmdfdGFnIjoiRkVFRC5iZXN0X2ltYWdlX3VybGdlbi5DMyJ9&_nc_ohc=bGuCZ996w2oQ7kNvwEHQRP2&_nc_oc=AdnyFEhievTRkcmzUsvy-PU9HqVgQIqC6geuJUiuHG7uupypN_aWg0xsngCeyb3Kekg&_nc_zt=23&_nc_ht=scontent-ams2-1.cdninstagram.com&edm=ACx9VUEEAAAA&_nc_gid=6CcIhKF4hwd4Spc4vYR2Ew&oh=00_AfjAwMOkTrp240XQDipuXWcxAW-RWHOM4grQgzeZV8qdPA&oe=69287A72,https://www.threads.com/@ye__bin04/post/DBa5MgYT3kd,ye__bin04,,8,1,491.0,2.0,1.0,0.0,0.0,0.0
18074004838524230,2024-10-22T08:43:55+0000,소개팅 복장으로 왼쪽 오른쪽 뭐가 더 나아?,24,0,,CAROUSEL_ALBUM,https://scontent-ams2-1.cdninstagram.com/v/t51.29350-15/464052093_1284315212567032_4731565990587073732_n.jpg?stp=dst-jpg_e35_tt6&_nc_cat=103&ccb=7-5&_nc_sid=18de74&efg=eyJlZmdfdGFnIjoiQ0FST1VTRUxfSVRFTS5iZXN0X2ltYWdlX3VybGdlbi5DMyJ9&_nc_ohc=cksHxG99fUcQ7kNvwE9qFBK&_nc_oc=Adm-TxwouWLZivrD1KvKGnXcFDraSrmmNP8IItfWRdQIjOP9eNGQd5Wjv-MlNowVBb0&_nc_zt=23&_nc_ht=scontent-ams2-1.cdninstagram.com&edm=ACx9VUEEAAAA&_nc_gid=6CcIhKF4hwd4Spc4vYR2Ew&oh=00_Afg1Zl26g3BYdYP_XwNzisGn8mwfPzJzJsP0Cb9Nh6VCug&oe=692884F7,https://www.threads.com/@ye__bin04/post/DBa48UJz3qO,ye__bin04,,8,1,7314.0,12.0,30.0,0.0,0.0,0.0
17885704464056656,2024-10-22T08:40:44+0000,,0,0,,REPOST_FACADE,,https://www.threads.com/@ye__bin04/post/DBa4lE_tTAg,ye__bin04,,8,1,,,,,,
18374271835110432,2024-10-22T08:38:00+0000,주말에 난리난 설악산 근황,14,0,,IMAGE,https://scontent-ams2-1.cdninstagram.com/v/t51.29350-15/464156730_442452225118486_233174932473454084_n.jpg?stp=dst-jpg_e35_tt6&_nc_cat=111&ccb=7-5&_nc_sid=18de74&efg=eyJlZmdfdGFnIjoiRkVFRC5iZXN0X2ltYWdlX3VybGdlbi5DMyJ9&_nc_ohc=QjE8jD-wCdMQ7kNvwEYo9mh&_nc_oc=AdlBOZxIwkCVlED1WvHZgi0hUvW_fApbvh515FqUbBxxudbMzcMldSPoq3k0UNnWH2I&_nc_zt=23&_nc_ht=scontent-ams2-1.cdninstagram.com&edm=ACx9VUEEAAAA&_nc_gid=6CcIhKF4hwd4Spc4vYR2Ew&oh=00_Afi0mIRp5LvqdbJkMbIiaOuu3Xy--mxHoPZTpp3a7wP-3Q&oe=69286DDC,https://www.threads.com/@ye__bin04/post/DBa4Q9ZzMan,ye__bin04,,8,1,96.0,1.0,1.0,0.0,0.0,0.0
18009919847446456,2024-10-22T08:34:16+0000,,0,0,,REPOST_FACADE,,https://www.threads.com/@ye__bin04/post/DBa31ortjcL,ye__bin04,,8,1,,,,,,
17866915593161196,2024-10-22T08:33:31+0000,,0,0,,REPOST_FACADE,,https://www.threads.com/@ye__bin04/post/DBa3wNZNGyt,ye__bin04,,8,1,,,,,,
17882692596072621,2024-10-22T08:16:41+0000,"아직 천명 안된사람 ??
나야..🥲
내가 몽땅 스팔 할게!
❤️하트 = 맞하트
😘리포 = 맞리포
🥰스팔 = 맞스팔
뒷삭없이 바로 달려갈게!!😎
1000명 프로젝트",90,0,,TEXT_POST,,https://www.threads.com/@ye__bin04/post/DBa106YT2nb,ye__bin04,1000명 프로젝트,8,1,3323.0,335.0,176.0,196.0,0.0,1.0
17869688892141805,2024-10-22T08:16:12+0000,,0,0,,REPOST_FACADE,,https://www.threads.com/@ye__bin04/post/DBa1xUXNPds,ye__bin04,,8,1,,,,,,
18014612768345609,2024-10-22T08:16:07+0000,,0,0,,REPOST_FACADE,,https://www.threads.com/@ye__bin04/post/DBa1wrTtpwR,ye__bin04,,8,1,,,,,,
17849433789284000,2024-10-22T08:15:52+0000,,0,0,,REPOST_FACADE,,https://www.threads.com/@ye__bin04/post/DBa1u7VtQk0,ye__bin04,,8,1,,,,,,
18072727555592883,2024-10-22T08:15:43+0000,,0,0,,REPOST_FACADE,,https://www.threads.com/@ye__bin04/post/DBa1tvyNQbR,ye__bin04,,8,1,,,,,,
17858556921225438,2024-10-22T04:52:06+0000,,0,0,,REPOST_FACADE,,https://www.threads.com/@ye__bin04/post/DBaeaaDzaHg,ye__bin04,,4,1,,,,,,
18072873193587670,2024-10-22T01:14:37+0000,"❌뒷삭 절대 없다❌

스! 맞스팔❤️
하! 맞하트❤️
리! 맞리포❤️

일단 1000명 가보자 
스친들아 컴온~🔥

스하리1000명프로젝트",77,0,,TEXT_POST,,https://www.threads.com/@ye__bin04/post/DBaFhkGTFBH,ye__bin04,,1,1,115.0,10.0,1.0,4.0,0.0,0.0
18038464684965180,2024-10-22T01:13:24+0000,,0,0,,REPOST_FACADE,,https://www.threads.com/@ye__bin04/post/DBaFYnbTB_l,ye__bin04,,1,1,,,,,,
18305850271161621,2024-10-22T01:10:59+0000,,0,0,,REPOST_FACADE,,https://www.threads.com/@ye__bin04/post/DBaFG-ZzfPN,ye__bin04,,1,1,,,,,,
18052558462928484,2024-10-22T01:09:54+0000,,0,0,,REPOST_FACADE,,https://www.threads.com/@ye__bin04/post/DBaE--ZzFk2,ye__bin04,,1,1,,,,,,
18056910142683498,2024-10-21T17:30:23+0000,,0,0,,REPOST_FACADE,,https://www.threads.com/@ye__bin04/post/DBZQZX4zKYs,ye__bin04,,17,0,,,,,,
18095044765468931,2024-10-21T14:07:12+0000,,0,0,,REPOST_FACADE,,https://www.threads.com/@ye__bin04/post/DBY5JUWTwcF,ye__bin04,,14,0,,,,,,
17955586160829979,2024-10-21T13:57:44+0000,,0,0,,REPOST_FACADE,,https://www.threads.com/@ye__bin04/post/DBY4D6LTZVe,ye__bin04,,13,0,,,,,,
18119494561398003,2024-10-21T13:57:18+0000,,0,0,,REPOST_FACADE,,https://www.threads.com/@ye__bin04/post/DBY4AtVTdOy,ye__bin04,,13,0,,,,,,
18027654863149592,2024-10-21T13:57:12+0000,,0,0,,REPOST_FACADE,,https://www.threads.com/@ye__bin04/post/DBY4ACmzmEZ,ye__bin04,,13,0,,,,,,
18024662129208234,2024-10-21T13:32:05+0000,"지금 천명 스팔하는거
수익화 때문에 하는 스치니들도 많지?
정확히 아는 스친이들도 있겠지만
나처럼 초보 스친이들은 모를수도 있을것
같아서 알아왔어‼️

☆스레드 수익화 기준☆
1. 팔로워 1000명 이상
2. 꾸준한 업로드 60개 이상
3. 최소 5개 스레드가 750회 이상 조회수 기준이 맞춰지면 스레드 보너스 알림이 뜨고 보너스가 잠금해제 된다는데 약 $500 정도 한화 약68만원 정도 받을수 있음

우선 1단계 스친1000명은 부터 달성해야할것같아
참고로 나는 언팔없다~!!😉
스하리 부탁해❤️ 바로 맞스하리 갈게 🙆🏻‍♀️❤️🙆🏻

#스친1000명프로젝트",315,1,#스친1000명프로젝트,TEXT_POST,,https://www.threads.com/@ye__bin04/post/DBY1IEJzM1B,ye__bin04,,13,0,181.0,8.0,4.0,5.0,0.0,0.0
17988670349583647,2024-10-19T12:08:18+0000,,0,0,,REPOST_FACADE,,https://www.threads.com/@ye__bin04/post/DBTh8uXz6KY,ye__bin04,,12,5,,,,,,
17964478235684028,2024-10-19T00:24:56+0000,,0,0,,REPOST_FACADE,,https://www.threads.com/@ye__bin04/post/DBSRc_2TjGq,ye__bin04,,0,5,,,,,,
18065283814646129,2024-10-19T00:24:19+0000,,0,0,,REPOST_FACADE,,https://www.threads.com/@ye__bin04/post/DBSRYhozGiu,ye__bin04,,0,5,,,,,,
18038459869973128,2024-10-18T16:06:42+0000,,0,0,,REPOST_FACADE,,https://www.threads.com/@ye__bin04/post/DBRYb6_TV8h,ye__bin04,,16,4,,,,,,
18073609096526043,2024-10-18T16:04:51+0000,,0,0,,REPOST_FACADE,,https://www.threads.com/@ye__bin04/post/DBRYOTHTI9N,ye__bin04,,16,4,,,,,,
18025295516588766,2024-10-18T15:42:17+0000,,0,0,,REPOST_FACADE,,https://www.threads.com/@ye__bin04/post/DBRVo7EzKk6,ye__bin04,,15,4,,,,,,
17941367756868753,2024-10-18T15:42:09+0000,,0,0,,REPOST_FACADE,,https://www.threads.com/@ye__bin04/post/DBRVoDZTeOQ,ye__bin04,,15,4,,,,,,
17995257839695294,2024-10-18T15:42:09+0000,,0,0,,REPOST_FACADE,,https://www.threads.com/@ye__bin04/post/DBRVoCqzwFs,ye__bin04,,15,4,,,,,,
18021667898613636,2024-10-18T15:41:57+0000,,0,0,,REPOST_FACADE,,https://www.threads.com/@ye__bin04/post/DBRVmplzLbs,ye__bin04,,15,4,,,,,,
18140667790356743,2024-10-18T15:40:00+0000,,0,0,,REPOST_FACADE,,https://www.threads.com/@ye__bin04/post/DBRVYWNzwWP,ye__bin04,,15,4,,,,,,
18327475243152095,2024-10-18T15:39:44+0000,,0,0,,REPOST_FACADE,,https://www.threads.com/@ye__bin04/post/DBRVWYgTJxy,ye__bin04,,15,4,,,,,,
18043866863089382,2024-10-18T15:39:27+0000,,0,0,,REPOST_FACADE,,https://www.threads.com/@ye__bin04/post/DBRVUU7TkTJ,ye__bin04,,15,4,,,,,,
17860814130205890,2024-10-18T15:39:04+0000,,0,0,,REPOST_FACADE,,https://www.threads.com/@ye__bin04/post/DBRVRhMTEdX,ye__bin04,,15,4,,,,,,
18044020520082504,2024-10-18T15:38:44+0000,,0,0,,REPOST_FACADE,,https://www.threads.com/@ye__bin04/post/DBRVO_ZT7-y,ye__bin04,,15,4,,,,,,
18123837466390058,2024-10-18T15:36:37+0000,,0,0,,REPOST_FACADE,,https://www.threads.com/@ye__bin04/post/DBRU_j9z5gC,ye__bin04,,15,4,,,,,,
18370083253129706,2024-10-18T14:55:37+0000,일본 출근시간 지하철이래.. 대박,18,0,,IMAGE,https://scontent-ams2-1.cdninstagram.com/v/t51.29350-15/463474685_563811466338275_2310954149359490405_n.jpg?stp=dst-jpg_e35_tt6&_nc_cat=103&ccb=7-5&_nc_sid=18de74&efg=eyJlZmdfdGFnIjoiRkVFRC5iZXN0X2ltYWdlX3VybGdlbi5DMyJ9&_nc_ohc=-VAq1r0eSewQ7kNvwFYQ8Wq&_nc_oc=Adm4CYP6SbDmPaDj9vWNunpJrOHhmkvlZWKBqrShI59vWAPxygKoacDR0zEMygzlZH8&_nc_zt=23&_nc_ht=scontent-ams2-1.cdninstagram.com&edm=ACx9VUEEAAAA&_nc_gid=rS8kfXxhRB9cim-R6U8maw&oh=00_AfhHj2ojaLoTK7RYjsc8PeNb0qGZMlx1RXTf0jJDRqseIg&oe=6928880D,https://www.threads.com/@ye__bin04/post/DBRQTQOzmGW,ye__bin04,,14,4,162.0,7.0,1.0,4.0,0.0,0.0
18040502461905702,2024-10-18T14:53:38+0000,아이폰 처음 쓰는 사람들 공감해??,19,0,,IMAGE,https://scontent-ams2-1.cdninstagram.com/v/t51.29350-15/463822553_1806737083429820_6305174560845091625_n.jpg?stp=dst-jpg_e35_tt6&_nc_cat=105&ccb=7-5&_nc_sid=18de74&efg=eyJlZmdfdGFnIjoiRkVFRC5iZXN0X2ltYWdlX3VybGdlbi5DMyJ9&_nc_ohc=XG7QVbCJ4vAQ7kNvwHRC_IV&_nc_oc=AdkLWeRk357AN67Q9ptafPuBfKJ4h16ghfND_DY8P2wFGvtT-4o4NxbstSMSv0T9s6g&_nc_zt=23&_nc_ht=scontent-ams2-1.cdninstagram.com&edm=ACx9VUEEAAAA&_nc_gid=rS8kfXxhRB9cim-R6U8maw&oh=00_AfheFaKIHX6z9pbUiTvvotZJ9bVmDISYPE5xhnjNPMqdcw&oe=6928759F,https://www.threads.com/@ye__bin04/post/DBRQEuIzc5V,ye__bin04,,14,4,181.0,2.0,1.0,0.0,0.0,2.0
18430348906072930,2024-10-18T14:48:39+0000,,0,0,,REPOST_FACADE,,https://www.threads.com/@ye__bin04/post/DBRPgOqN7UQ,ye__bin04,,14,4,,,,,,
18026123579435919,2024-10-18T14:46:40+0000,,0,0,,REPOST_FACADE,,https://www.threads.com/@ye__bin04/post/DBRPRtUtvuD,ye__bin04,,14,4,,,,,,
18023259185232937,2024-10-18T14:45:19+0000,,0,0,,REPOST_FACADE,,https://www.threads.com/@ye__bin04/post/DBRPH12N8Um,ye__bin04,,14,4,,,,,,
18032663936246300,2024-10-09T16:28:58+0000,"나 궁금한거 있는데..
남자들 좌,우 중에서 어떤 스타일이 더 좋아??",39,0,,IMAGE,https://scontent-ams2-1.cdninstagram.com/v/t51.29350-15/462552259_865405825684298_8959678115573539546_n.webp?stp=dst-jpg_e35_tt6&_nc_cat=104&ccb=7-5&_nc_sid=18de74&efg=eyJlZmdfdGFnIjoiRkVFRC5iZXN0X2ltYWdlX3VybGdlbi5DMyJ9&_nc_ohc=FoebIA08YycQ7kNvwGurRMe&_nc_oc=AdmIHdb1IiCiSVhEqMbQix0SMfweoLhP4PFUvax2b0sjmH-BLPV4uZaX7K4cxmgYcOY&_nc_zt=23&_nc_ht=scontent-ams2-1.cdninstagram.com&edm=ACx9VUEEAAAA&_nc_gid=rS8kfXxhRB9cim-R6U8maw&oh=00_Afi5fMQz3PW08RfoTiCDW4u7NcTS_nY9XWGC8uLtGH5clA&oe=69289991,https://www.threads.com/@ye__bin04/post/DA6P1H2TPIH,ye__bin04,,16,2,213270.0,238.0,99.0,3.0,0.0,62.0
18050035057820656,2024-10-09T01:16:18+0000,,0,0,,REPOST_FACADE,,https://www.threads.com/@ye__bin04/post/DA4nYdtTA9s,ye__bin04,,1,2,,,,,,
18046824364983770,2024-10-08T15:56:35+0000,"이거 전여친이 남긴 암호라는데... 뭔지 알겠어?? 나는 잘 모르겠다 ㅜ

ㅇㅅㄲㅇㅈㅅㄱㅇㄴ
ㄴㅇㅈㅇㄱㅎㄹㅎㄹㅈㅇㅇㄷ 
ㄴㄷㄴㅇㅊㅇㄷㅇㅇㅎㄲㅍㅇㅅ
ㅍㅅㄴㄱㅇㅎㅁㅅㅅㅇㄹ
ㅇㄹㅇㄱㄴㄸㅁㅇㅈㅇㅇ",105,0,,TEXT_POST,,https://www.threads.com/@ye__bin04/post/DA3nU-yTQo5,ye__bin04,,15,1,2975.0,3.0,2.0,2.0,0.0,0.0
18282709540214638,2024-10-08T15:43:51+0000,,0,0,,REPOST_FACADE,,https://www.threads.com/@ye__bin04/post/DA3l3zVtzR0,ye__bin04,,15,1,,,,,,
18064266700643276,2024-10-06T23:13:54+0000,,0,0,,REPOST_FACADE,,https://www.threads.com/@ye__bin04/post/DAzPyVIzb9O,ye__bin04,,23,6,,,,,,
18033199043251423,2024-10-06T11:09:14+0000,"보통 35살 정도면 자산 얼마나 모아??
남자 기준으로!",31,0,,TEXT_POST,,https://www.threads.com/@ye__bin04/post/DAx82tvzOSa,ye__bin04,,11,6,1666.0,0.0,2.0,0.0,0.0,0.0
18006024641480542,2024-10-06T11:06:30+0000,"빚 뺀 2030대 평균자산이래!
난 없는데..",25,0,,IMAGE,https://scontent-ams2-1.cdninstagram.com/v/t51.29350-15/462018386_1672906063490911_1428569736803252805_n.jpg?stp=dst-jpg_e35_tt6&_nc_cat=102&ccb=7-5&_nc_sid=18de74&efg=eyJlZmdfdGFnIjoiRkVFRC5iZXN0X2ltYWdlX3VybGdlbi5DMyJ9&_nc_ohc=pcSRxl1LoLMQ7kNvwHqEzCy&_nc_oc=AdnpM9RWz-8vFq-q6Y1PhwicnAOMnoSbw_BtJCwFgtzHpxT5VJtDtWbCzrqCEmqpDm8&_nc_zt=23&_nc_ht=scontent-ams2-1.cdninstagram.com&edm=ACx9VUEEAAAA&_nc_gid=rS8kfXxhRB9cim-R6U8maw&oh=00_AfgHFOErwPT1VDhjZeuIWja3q59UYF36LC62adRShA513A&oe=69288463,https://www.threads.com/@ye__bin04/post/DAx8ipsTri4,ye__bin04,,11,6,57781.0,56.0,34.0,1.0,0.0,3.0
17897469066071188,2024-10-06T10:54:37+0000,"첫스레드야..! 어찌 하는걸까??
모두들 반가워 !! 우리 스친하자 !",39,0,,TEXT_POST,,https://www.threads.com/@ye__bin04/post/DAx7Lq9TgA0,ye__bin04,,10,6,722.0,1.0,0.0,1.0,0.0,0.0
